daeh-CanQiQi-WuLongZuo.xml,dan,erhuang,manban,s1,惨凄凄唤苍天天不应响，,12,65,3114111243,惨凄凄,12,16,唤苍天,20,29,天不应响，,40,65
,dan,erhuang,manban,x,叹红颜多薄命父母双亡。,84,121,4221244312,叹红颜,84,91,多薄命,93,95.5,父母双亡。,96,121
,dan,erhuang,manban,s1,千金休哪曾受磨房景况，,136,201,1113244234,千金休,136,141,哪曾受,144,153,磨房景况，,164,201
,dan,erhuang,manban,x,担几肩头晕转体若筛糠。,236,261,1312133411,担几肩,236,243,头晕转,245,247.5,体若筛糠。,248,261
daeh-LiYanFei-DaBaoGuo.xml,dan,erhuang,manban,s1,李艳妃设早朝龙书案下，,0,41,3414322144,李艳妃,0,4,设早朝,8,16,龙书案下，,17,41
,dan,erhuang,manban,x,文站东武列西朝贺哀家。,42,74,2413412411,文站东,42,49,武列西,51,53.75,朝贺哀家。,54,74
,dan,erhuang,manban,s1,太师爷奏一本进贡年下，,75,100,4124434424,太师爷,75,79,奏一本,83,91,进贡年下，,92,100
,dan,erhuang,manban,x,各国的众王侯朝贺中华。,104,122,4254222412,各国的,104,107,众王侯,109,111.5,朝贺中华。,112,122
,dan,erhuang,manban,s2,将江山让太师权且代贺，,124,140,1114412344,将江山,124,127,让太师,129,131,权且代贺，,132,140
,dan,erhuang,manban,x,候幼主成了龙原业归家。,144,161.75,4432322411,候幼主,144,147,成了龙,149,151.5,原业归家。,152,161.75
,dan,erhuang,manban,s2,写文约我且把玉玺打下，,164,196,3213334334,写文约,164,167,我且把,169,171,玉玺打下，,172,196
,dan,erhuang,manban,x,宣太师上金殿披红插花。,197,237,1414141211,宣太师,197,204,上金殿,206,208.5,披红插花。,209,237
,dan,erhuang,manban,s1,赐你的上方剑朝房问话，,238,263,4354142244,赐你的,238,242,上方剑,246,254,朝房问话，,255,263
,dan,erhuang,manban,x,压定了文武臣均要画押。,267,292.5,1432321441,压定了,267,270,文武臣,272,274.5,均要画押。,275,292.5
daeh-LiYanFei-ErJinGong.xml,dan,erhuang,zhongsanyan,s1,李艳妃坐昭阳自思自想，,15,52,3414124143,李艳妃,15,19,坐昭阳,23,31.5,自思自想，,43,52
,dan,erhuang,zhongsanyan,x,想起了朝中事好不惨伤！,55,87.5,3332143431,想起了,55,58,朝中事,60,62.25,好不惨伤！,63,87.5
,dan,erhuang,zhongsanyan,s1,耳边厢又听得朝靴响亮，,103,140,3114122134,耳边厢,103,107,又听得,111,120,朝靴响亮，,131,140
,dan,erhuang,zhongsanyan,x,想必是徐杨将进了昭阳。,143,160,3442244312,想必是,143,146,徐杨将,148,150.5,进了昭阳。,151,160
,dan,erhuang,zhongsanyan,s2,有几句话儿我不好言讲，,163,180,3344534323,有几句,163,166,话儿我,168,170.75,不好言讲，,171,180
,dan,erhuang,zhongsanyan,x,我只得怀抱太子两泪汪汪口口声声哭的是先王。,183,227.5,33224453411331115412,我只得,183,186,怀抱太子两泪汪汪口口声声,187,198.5,哭的是先王。,199,227.5
daeh-NaRiFeng-YuanXiaoMi.xml,dan,erhuang,yuanban,s1,那日风波平地起，,17,41.5,4411243,那日,17,21,风波,25,29,平地起，,37,41.5
,dan,erhuang,yuanban,x,死里逃生甚惨凄。,43,51.5,3321431,死里,43,44.5,逃生,45.5,46.75,甚惨凄。,47,51.5
,dan,erhuang,yuanban,s2,舅父前来出主意，,53,59.5,4422134,舅父,53,53.75,前来,54,54.75,出主意，,55,59.5
,dan,erhuang,yuanban,x,我与母亲两分离。,61,81,3331312,我与,61,63,母亲,63.5,64.75,两分离。,65,81
,dan,erhuang,yuanban,s1,母女隔断三千里，,91,115.5,3324113,母女,91,95,隔断,99,103.5,三千里，,111,115.5
,dan,erhuang,yuanban,x,那厢流泪这厢啼。,117,125.5,4124412,那厢,117,118.5,流泪,119,120.75,这厢啼。,121,125.5
,dan,erhuang,yuanban,s2,我今绝少人生趣，,127,145.5,3123214,我今,127,129,绝少,129.5,130.5,人生趣，,131,145.5
,dan,erhuang,yuanban,x,不如早死命归西。,165,183,4233411,不如,165,169,早死,169.5,170.75,命归西。,171,183
daeh-NuZiYou-TouJunBieYao.xml,dan,erhuang,manban,s1,奴自幼在闺阁娇生惯养，,0,41,2444121143,奴自幼,0,4.5,在闺阁,8,16,娇生惯养，,17,41
,dan,erhuang,manban,x,为薛郎我父女断绝情长。,42,78,2123434223,为薛郎,42,49,我父女,51,53.5,断绝情长。,54,78
,dan,erhuang,manban,s1,但愿得去投军功名有望，,79,120,4424211234,但愿得,79,83,去投军,87,95,功名有望，,96,120
,dan,erhuang,manban,x,也不枉我二人苦度时光。,121,149,3433423421,也不枉,121,128,我二人,130,132.5,苦度时光。,133,149
daeh-SunShangXiang-BieHuangGong.xml,dan,erhuang,manban,s1,孙尚香坐宫院自思自叹，,0,41,1414144144,孙尚香,0,4.5,坐宫院,8,16,自思自叹，,17,41
,dan,erhuang,manban,x,想起了已往事心内痛酸。,42,78,3333341441,想起了,42,49,已往事,51,53,心内痛酸。,54,78
,dan,erhuang,manban,s1,遭不幸父王爷把驾来晏，,79,124,1244223424,遭不幸,79,83,父王爷,87,95,把驾来晏，,96,124
,dan,erhuang,manban,x,留下了孙仲谋执掌江南。,125,146.5,2451422312,留下了,125,132,孙仲谋,134,136,执掌江南。,137,146.5
,dan,erhuang,manban,s2,与周郎定巧计把皇叔来骗，,149,165,31243432124,与周郎,149,152,定巧计把,154,156.75,皇叔来骗，,157,165
,dan,erhuang,manban,x,又谁知弄假成真反配凤鸾。,169,186.5,42143213442,又谁知,169,172,弄假成真,173,176.75,反配凤鸾。,177,186.5
,dan,erhuang,manban,s2,回荆州未三载诓我回转，,189,205,2114131323,回荆州,189,192,未三载,194,196,诓我回转，,197,205
,dan,erhuang,manban,x,阿斗儿行中途被子龙追还。,209,226.5,14521243212,阿斗儿,209,212,行中途被,214,216.5,子龙追还。,217,226.5
,dan,erhuang,manban,s2,恨只恨我兄长把事错办，,229,245,4343133444,恨只恨,229,232,我兄长,234,236,把事错办，,237,245
,dan,erhuang,manban,x,叹一声不由人珠泪涟涟。,249,273,4414221422,叹一声,249,252,不由人,254,256,珠泪涟涟。,257,273
daeh-TanHongYan-HuoXiaoYu.xml,dan,erhuang,manban,s1,叹红颜薄命前生就，,32,75.75,42224214,叹红颜,32,37,薄命,40,49,前生就，,64,75.75
,dan,erhuang,manban,x,美满姻缘付东流。,76,105,3312412,美满,76,79.5,姻缘,81,83.75,付东流。,84,105
,dan,erhuang,manban,s1,薄幸冤家音信无有，,124,164,24111423,薄幸,124,129,冤家,132,141,音信无有，,156,164
,dan,erhuang,manban,x,啼花泣月在暗里（呀）添愁。,168,182.5,214444312,啼花,168,169.75,泣月在,170,171.5,暗里（呀）添愁。,172,182.5
,dan,erhuang,manban,s2,枕边泪（呀）共（那）阶前雨，,184,221,3144123,枕边泪（呀）,184,186.25,共（那）,189,191.75,阶前雨，,192,221
,dan,erhuang,manban,x,隔着窗儿点滴不休。,236,260,25153141,隔着,236,243.5,窗儿,245,247.75,点滴不休。,248,260
daeh-WangChunE-SanNiangJiaoZi.xml,dan,erhuang,manban,s1,王春娥坐草堂自思自叹，,36,92,2124324144,王春娥,36,40,坐草堂,44,53,自思自叹，,68,92
,dan,erhuang,manban,x,想起了我老爷好不惨然。,112,149,3333323432,想起了,112,119,我老爷,121,123.5,好不惨然。,124,149
,dan,erhuang,manban,s1,春娥女好一此失群孤雁，,164,201,1233231214,春娥女,164,168,好一此,172,181,失群孤雁，,192,201
,dan,erhuang,manban,x,老薛保好一似浪里舟船。,204,221.5,3133244312,老薛保,204,207,好一似,209,211,浪里舟船。,212,221.5
,dan,erhuang,manban,s2,薛倚儿他好比无弓之箭，,224,240,1351332114,薛倚儿,224,227,他好比,229,231,无弓之箭，,232,240
,dan,erhuang,manban,x,每日里在书房苦读圣贤。,244,261.5,3434123242,每日里,244,247,在书房,249,251.5,苦读圣贤。,252,261.5
,dan,erhuang,manban,s2,将身儿来至在机房织绢，,264,296,1152441214,将身儿,264,267,来至在,269,271,机房织绢，,272,296
,dan,erhuang,manban,x,等候了薛倚儿转回家园。,332,355,3431323212,等候了,332,339,薛倚儿,341,343.5,转回家园。,344,355
daeh-WuDuanQiao-BiYuZan.xml,dan,erhuang,manban,s1,无端巧计将人陷，,36,93,2134124,无端,36,41,巧计,44,53.25,将人陷，,68,93
,dan,erhuang,manban,x,薄命自伤怨红颜。,112,149,2441422,薄命,112,119.25,自伤,121,123,怨红颜。,124,149
,dan,erhuang,manban,s1,独处闺房愁无限，,164,204.5,2312224,独处,164,169,闺房,172,181.25,愁无限，,196,204.5
,dan,erhuang,manban,x,落得孤身病恹恹。,208,224.5,4211411,落得,208,211.25,孤身,213,215,病恹恹。,216,224.5
,dan,erhuang,manban,s2,今生若被郎轻贱，,228,244.5,1144214,今生,228,230,若被,233,234.5,郎轻贱，,236,244.5
,dan,erhuang,manban,x,满腹冤屈向谁言。,248,263.5,3411422,满腹,248,249,冤屈,250,251,向谁言。,252,263.5
,dan,erhuang,manban,s2,一心早想寻短见，,264,297,4133234,一心,264,266,早想,269,270.5,寻短见，,272,297
,dan,erhuang,manban,x,又怕丑名误流传。,332,356,4432422,又怕,332,339.25,丑名,341,343,误流传。,344,356
daeh-XiaoNuCai-SanNiangJiaoZi.xml,dan,erhuang,yuanban,s1,小奴才他一言问住我，,0,13,322142443,小奴才,0,2,他一言,4,8,问住我，,9,13
,dan,erhuang,yuanban,x,闭口无言王春娥。,15,21,4322212,闭口,15,15.75,无言,16,16.75,王春娥。,17,21
,dan,erhuang,yuanban,s2,哭一声亡故夫在阴曹等我，,23,31,14124141233,哭一声,23,24.5,亡故夫在,25.5,26.75,阴曹等我，,27,31
,dan,erhuang,yuanban,x,等候了你妻子同见阎罗。,33,41,3433132422,等候了,33,34.5,你妻子,35.5,36.75,同见阎罗。,37,41
,dan,erhuang,yuanban,s2,怒气不息在机房闷坐，,43,55,444141244,怒气,43,44.5,不息在,45.5,46.75,机房闷坐，,47,55
,dan,erhuang,yuanban,x,叹一声不由人珠泪如梭。,56,74,4414221421,叹一声,56,59.5,不由人,60.5,61.75,珠泪如梭。,62,74
daeh-ZaoBuXing-HeHouMaDian.xml,dan,erhuang,kuaisanyan,s1,遭不幸老王爷晏了御驾，,10,51,1243224344,遭不幸,10,14,老王爷,18,27,晏了御驾，,42,51
,dan,erhuang,kuaisanyan,x,贼昏王篡了位谋乱邦家。,54,71,2124342411,贼昏王,54,57,篡了位,59,61.5,谋乱邦家。,62,71
,dan,erhuang,kuaisanyan,s2,把一个皇太子逼死殿下，,74,91,3242451344,把一个,74,76.5,皇太子,79,81,逼死殿下，,82,91
,dan,erhuang,kuaisanyan,x,反倒说为嫂我拦阻有差，,94,111,3314332331,反倒说,94,96.5,为嫂我,99,101,拦阻有差，,102,111
,dan,erhuang,kuaisanyan,s2,贼好比王莽贼称孤道寡，,114,131,2332321143,贼好比,114,116.5,王莽贼,119,121,称孤道寡，,122,131
,dan,erhuang,kuaisanyan,x,贼好比曹阿瞒半点不差，,134,151,2332124341,贼好比,134,136.5,曹阿瞒,139,141,半点不差，,142,151
,dan,erhuang,kuaisanyan,s2,贼好比秦赵高指鹿为马，,154,173.5,2332413423,贼好比,154,156.5,秦赵高,159,161,指鹿为马，,162,173.5
,dan,erhuang,kuaisanyan,x,贼好比那司马师搅乱中华。,174,191,23341313412,贼好比,174,176,那司马师,177.5,181.5,搅乱中华。,182,191
,dan,erhuang,kuaisanyan,s2,只骂得贼昏王装聋作哑，,194,211,3422121243,只骂得,194,196.5,贼昏王,199,201.5,装聋作哑，,202,211
,dan,erhuang,kuaisanyan,x,只骂得贼昏王扭转身驱、闭目合晴、羞羞惭惭一语不发，,214,256,3422123311442111224341,只骂得,214,216,贼昏王扭转身驱、闭目合晴、羞羞惭惭,218,233.5,一语不发，,234,256
,dan,erhuang,kuaisanyan,s2,只骂得贼昏王无言对答。,258,275,3422122242,只骂得,258,260.5,贼昏王,263,265.5,无言对答。,266,275
,dan,erhuang,kuaisanyan,x,两旁的文武臣珠泪如麻，,278,295,3252321422,两旁的,278,281,文武臣,283,285.5,珠泪如麻，,286,295
,dan,erhuang,kuaisanyan,s2,搬一把金交椅娘且坐下，,298,315,1431132344,搬一把,298,300.5,金交椅,303,305,娘且坐下，,306,315
,dan,erhuang,kuaisanyan,x,你叔王不让位再去骂他。,318,360,3122444441,你叔王,318,321,不让位,323,325.5,再去骂他。,326,360
daeh-ZiNaRi-ErJinGong.xml,dan,erhuang,manban,s1,自那日与徐杨决裂以后，,40,96,4443222434,自那日,40,45,与徐杨,48,56,决裂以后，,72,96
,dan,erhuang,manban,x,独坐在寒宫院闷闷悠悠。,116,152,2442144411,独坐在,116,123,寒宫院,125,127.5,闷闷悠悠。,128,152
,dan,erhuang,manban,s1,先王爷晏驾后太子年幼，,168,208.5,1224444524,先王爷,168,172,晏驾后,176,184,太子年幼，,200,208.5
,dan,erhuang,manban,x,太师爷一心心想篡龙楼。,212,228.25,4124113422,太师爷,212,215.25,一心心,217,219,想篡龙楼。,220,228.25
,dan,erhuang,manban,s2,他那里父女情全然无有，,232,248.5,1434322223,他那里,232,234.25,父女情,237,239,全然无有，,240,248.5
,dan,erhuang,manban,x,竟把我孤儿寡母当做了马牛。,252,271.5,433123314332,竟把我,252,255,孤儿寡母,256,259.875,当做了马牛。,260,271.5
,dan,erhuang,manban,s2,徐小姐把守在宫门口，,272,316,233334123,徐小姐,272,274.25,把守在,277,279,宫门口，,280,316
,dan,erhuang,manban,x,看一看不觉到八月中秋。,352,384,4244241411,看一看,352,359,不觉到,361,363,八月中秋。,364,384
,dan,erhuang,manban,s1,李艳妃坐昭阳自思自想，,402,438,3414124143,李艳妃,402,406.5,坐昭阳,410,418,自思自想，,430,438
,dan,erhuang,manban,x,想起了老王爷好不惨伤。,442,470,3333223431,想起了,442,445,老王爷,447,449,好不惨伤。,450,470
,dan,erhuang,manban,s1,耳边厢又听得朝靴响亮，,486,522.5,3114122134,耳边厢,486,490,又听得,494,502,朝靴响亮，,514,522.5
,dan,erhuang,manban,x,想必是徐杨进了昭阳。,526,544,344224312,想必是,526,528.25,徐杨,531,533,进了昭阳。,534,544
,dan,erhuang,manban,s2,有一句话儿不好言讲，,546,562.5,324454323,有一句,546,548.25,话儿,551,552.5,不好言讲，,554,562.5
,dan,erhuang,manban,x,我只得怀抱太子两泪汪汪口口声声哭的是先王！,566,610,33224453411331115412,我只得,566,568.25,怀抱太子两泪汪汪口口声声,570,581.5,哭的是先王！,582,610
daeh-ZiNaRi-ZhuangYuanMei-1.xml,dan,erhuang,yuanban,s1,自那日与六郎姻缘相见，,17,35.25,4443421214,自那日,17,21,与六郎,25,29,姻缘相见，,31,35.25
,dan,erhuang,yuanban,x,行不安坐不宁情态缠绵。,37,45.25,2414422422,行不安,37,38.5,坐不宁,39,40,情态缠绵。,41,45.25
,dan,erhuang,yuanban,s2,在潼台被贼擒在命好险，,47,55.25,4224224433,在潼台,47,48,被贼擒,49.5,50.75,在命好险，,51,55.25
,dan,erhuang,yuanban,x,乱军中多亏他救我回还。,57,79,4111114322,乱军中,57,58,多亏他,59.5,60.75,救我回还。,61,79
,dan,erhuang,yuanban,s1,这桩事闷得我柔肠百转，,87,119.5,4144232233,这桩事,87,97,闷得我,101,109,柔肠百转，,115,119.5
,dan,erhuang,yuanban,x,不知道他与我是否一般。,121,129.25,4141334341,不知道,121,122,他与我,123.5,124.75,是否一般。,125,129.25
,dan,erhuang,yuanban,s2,百姓们闺房乐如花美眷，,131,139.25,3451242134,百姓们,131,132,闺房乐,133.5,134.75,如花美眷，,135,139.25
,dan,erhuang,yuanban,x,帝王家深宫院似水流年。,141,151.25,4211144322,帝王家,141,142,深宫院,143.5,144.5,似水流年。,145,151.25
,dan,erhuang,yuanban,s2,幸喜得珍珠衫称心如愿，,153,161.25,4321114124,幸喜得,153,154,珍珠衫,155.5,156.25,称心如愿，,157,161.25
,dan,erhuang,yuanban,x,宋天子主婚姻此事成全。,163,171.25,4153113422,宋天子,163,164.25,主婚姻,165.5,166.75,此事成全。,167,171.25
,dan,erhuang,yuanban,s2,但愿得令公令婆别无异见，,173,181.25,44241422244,但愿得,173,174,令公令婆,175,176.5,别无异见，,177,181.25
,dan,erhuang,yuanban,x,但愿得杨六郎心如石坚，,183,191.375,4422421221,但愿得,183,184.5,杨六郎,185.5,186.75,心如石坚，,187,191.375
,dan,erhuang,yuanban,s2,但愿得状元媒月老引线，,193,201,4424224334,但愿得,193,194,状元媒,195.5,196.5,月老引线，,197,201
,dan,erhuang,yuanban,x,但愿得八主贤王从中周旋，早成姻眷，扫狼烟，叫那胡儿不敢进犯保叔王锦绣江山。,203,238,442132221123214321442543443123411,但愿得,203,204,八主贤王从中周旋，早成姻眷，扫狼烟，叫那胡儿不敢进犯保叔王,205,219,锦绣江山。,220,238
,dan,erhuang,yuanban,s1,愿天下有情人都成姻眷，,246,260.25,4143221214,愿天下,246,248,有情人,250,254,都成姻眷，,256,260.25
,dan,erhuang,yuanban,x,愿天下从此后国泰民安。,262,271,4142342421,愿天下,262,263,从此后,264.5,265.75,国泰民安。,266,271
daeh-ZiNaRi-ZhuangYuanMei-2.xml,dan,erhuang,yuanban,s1,自那日与六郎阵前相见，,18,42.5,4443424214,自那日,18,22.5,与六郎,26,30,阵前相见，,38,42.5
,dan,erhuang,yuanban,x,行不安坐不宁情态缠绵。,44,52,2414422422,行不安,44,45.75,坐不宁,46,47.5,情态缠绵。,48,52
,dan,erhuang,yuanban,s2,在潼台被贼擒性命好险，,54,62,4224224433,在潼台,54,55,被贼擒,56.5,57.75,性命好险，,58,62
,dan,erhuang,yuanban,x,乱军中多亏他救我回还。,64,86,4111114322,乱军中,64,65,多亏他,66.5,67.75,救我回还。,68,86
,dan,erhuang,yuanban,s1,这桩事闷得我柔肠百转，,94,128.5,4144232233,这桩事,94,104,闷得我,108,116,柔肠百转，,124,128.5
,dan,erhuang,yuanban,x,不知道他与我是否一般。,130,138,4141334341,不知道,130,131,他与我,132.5,133.75,是否一般。,134,138
,dan,erhuang,yuanban,s2,百姓们闺房乐如花美眷，,140,148.5,3451242134,百姓们,140,141,闺房乐,142.5,143.75,如花美眷，,144,148.5
,dan,erhuang,yuanban,x,帝王家深宫怨似水流年。,150,160,4211144322,帝王家,150,151,深宫怨,152.5,153.5,似水流年。,154,160
,dan,erhuang,yuanban,s2,幸喜得珍珠衫称心如愿，,162,170.5,4321114124,幸喜得,162,163,珍珠衫,164.5,165.25,称心如愿，,166,170.5
,dan,erhuang,yuanban,x,宋天子主婚姻此事成全。,172,180.75,4153113422,宋天子,172,173.5,主婚姻,174.5,175.75,此事成全。,176,180.75
,dan,erhuang,yuanban,s2,但愿得令公令婆别无意见，,182,190.5,44241422244,但愿得,182,183,令公令婆,184,185.5,别无意见，,186,190.5
,dan,erhuang,yuanban,x,但愿得杨六郎心如石坚。,192,200.75,4422421221,但愿得,192,193.5,杨六郎,194.5,195.75,心如石坚。,196,200.75
,dan,erhuang,yuanban,s2,但愿得状元媒月老引线，,202,210.5,4424224334,但愿得,202,203,状元媒,204.5,205.5,月老引线，,206,210.5
,dan,erhuang,yuanban,x,但愿得八主贤王从中周旋早成美眷、扫狼烟叫那胡儿不敢进犯、保叔王锦锈江山。,212,247,442132221123234321442543443123411,但愿得,212,213,八主贤王从中周旋早成美眷、扫狼烟叫那胡儿不敢进犯、保叔王,214,228,锦锈江山。,229,247
,dan,erhuang,yuanban,s1,愿天下有情人都成姻眷，,263,277.5,4143221214,愿天下,263,265,有情人,267,271,都成姻眷，,273,277.5
,dan,erhuang,yuanban,x,愿邦家从此后国泰民安。,279,288,4112342421,愿邦家,279,280,从此后,281.5,282.75,国泰民安。,283,288
daeh-ZuoChunGui-XiShi.xml,dan,erhuang,manban,s1,坐春闺只觉得光明似箭，,10,63,4113221244,坐春闺,10,15,只觉得,18,26,光明似箭，,38,63
,dan,erhuang,manban,x,无限的闲愁恨尽上眉尖。,78,115,2452244421,无限的,78,85,闲愁恨,87,89.5,尽上眉尖。,90,115
,dan,erhuang,manban,s1,奴这里心中痛玉颜清减，,128,196,2431144213,奴这里,128,132,心中痛,136,144,玉颜清减，,160,196
,dan,erhuang,manban,x,夜不眠朝慵起又向谁言。,212,236,4421134422,夜不眠,212,219,朝慵起,221,223,又向谁言。,224,236
daeh-ZuoRiGong-TaiZhenWaiChuan.xml,dan,erhuang,yuanban,s1,昨日宫中何等宠幸，,18,40,24112334,昨日,18,20,宫中,24,28,何等宠幸，,36,40
,dan,erhuang,yuanban,x,有谁知一时错被逐宫廷。,42,60,3214244212,有谁知,42,43.5,一时错,44.5,45.75,被逐宫廷。,46,60
,dan,erhuang,yuanban,s1,思想起从前事心中悔恨，,70,94.5,1332241134,思想起,70,74,从前事,78,82,心中悔恨，,90,94.5
,dan,erhuang,yuanban,x,但不知何日里再沐圣明。,96,106,4412434442,但不知,96,97.5,何日里,98.5,99.75,再沐圣明。,100,106
daxp-ChenSanLiang-ChenSanLiangPaTang.xml,dan,xipi,daoban,s,陈三两在大堂把话云，,14,33,213442342,陈三两,14,16,在大堂,17,18,把话云，,21,33
,dan,xipi,manban,x,公正的老爷细听分明。,65,100.75,145324112,公正的,65,69,老爷,71,74.75,细听分明。,79,100.75
,dan,xipi,manban,s,我本是被骗进的富春院，,129,157,3344445414,我本是,129,133.25,被骗进的,134.75,138.75,富春院，,143,157
,dan,xipi,manban,x,发奋自强日夜读诗文。,165,196,144244212,发奋,165,169,自强,171,174.75,日夜读诗文。,179,196
,dan,xipi,manban,s,诗书易礼都学会，,205,220,1143124,诗书,205,209,易礼,211,214.5,都学会，,215,220
,dan,xipi,manban,x,最可恨鸨儿叫我接客人。,229,252,4343543142,最可恨,229,233,鸨儿,235,237.75,叫我接客人。,238,252
daxp-ChunQiuTing-SuoLinNang.xml,dan,xipi,erliu,s,春秋亭外风雨暴，,2,14.75,1124134,春秋,2,5.5,亭外,7,9.25,风雨暴，,10,14.75
,dan,xipi,erliu,x,何处悲声破寂寥。,15,25.25,2311442,何处,15,17.25,悲声,18,19.75,破寂寥。,20,25.25
,dan,xipi,erliu,s,在隔帘只见这一花轿，,27,36.75,422344414,在隔帘,27,29.25,只见这,30,31.75,一花轿，,32,36.75
,dan,xipi,erliu,x,想必是新婚渡鹊桥，,37,47.25,34411442,想必是,37,39.5,新婚,40,41.75,渡鹊桥，,42,47.25
,dan,xipi,erliu,s,吉日良辰当欢笑，,49,58.75,2422114,吉日,49,51.25,良辰,52,53.25,当欢笑，,54,58.75
,dan,xipi,erliu,x,为何鲛珠化泪抛？,59,72.75,2211441,为何,59,61.75,鲛珠,62,64.25,化泪抛？,66,72.75
,dan,xipi,erliu,s,此时却又明白了，,75,84.25,3244223,此时,75,77.25,却又,78,79.75,明白了，,80,84.25
,dan,xipi,liushui,x,世上何尝尽富豪，,84.5,89,4422442,世上,84.5,85.5,何尝,86,86.5,尽富豪，,87.5,89
,dan,xipi,liushui,s,亦有饥寒悲怀抱，,90.5,97,4312124,亦有,90.5,91.5,饥寒,92,93.75,悲怀抱，,94,97
,dan,xipi,liushui,x,也有失意痛哭嚎啕，,97.5,103,33144122,也有,97.5,98.5,失意,99,100.75,痛哭嚎啕，,101,103
,dan,xipi,liushui,s,轿内的人儿弹别调，,103.5,108,44525424,轿内的,103.5,104.5,人儿,105,105.75,弹别调，,106.5,108
,dan,xipi,liushui,x,必有隐情在心潮。,108.5,117,4332412,必有,108.5,109.5,隐情,110,113.5,在心潮。,114,117
,dan,xipi,liushui,s,耳听得悲声惨心中如捣，,131,138.5,3121131123,耳听得,131,133,悲声惨,133.5,135.5,心中如捣，,136,138.5
,dan,xipi,liushui,x,同遇人为什么这样嚎啕？,139.5,147.5,2424254422,同遇人,139.5,141.5,为什么,142.5,144.5,这样嚎啕？,145,147.5
,dan,xipi,liushui,s,莫不是夫郎丑难谐女貌？,148.5,156,4241232234,莫不是,148.5,150.5,夫郎丑,151.5,153.5,难谐女貌？,154,156
,dan,xipi,liushui,x,莫不是强婚配鸦占鸾巢？,157,166,4242141422,莫不是,157,159,强婚配,160,163.5,鸦占鸾巢？,164,166
,dan,xipi,liushui,s,叫梅香你把那好言相告，,166.5,174.5,4213343214,叫梅香,166.5,168,你把那,169.5,171.5,好言相告，,172,174.5
,dan,xipi,liushui,x,问那厢因何故痛哭无聊。,175,184,4411244122,问那厢,175,176.5,因何故,177,180,痛哭无聊。,181,184
,dan,xipi,liushui,s,听薛良一语来相告，,200,207.5,11243214,听薛良,200,202.5,一语,203.5,204.5,来相告，,205,207.5
,dan,xipi,liushui,x,满腹骄矜顿雪潇，,208,212,3411431,满腹,208,208.5,骄矜,209,209.75,顿雪潇，,210.5,212
,dan,xipi,liushui,s,人情冷暖凭天造，,213.5,218,2233214,人情,213.5,214.5,冷暖,215,216,凭天造，,216.5,218
,dan,xipi,liushui,x,谁能移动他半分毫。,218.5,224,22241412,谁能,218.5,219.5,移动他,220,221.75,半分毫。,222,224
,dan,xipi,liushui,s,我在不足他正少，,225.5,230.5,3442143,我在,225.5,226.5,不足,227,227.5,他正少，,228.5,230.5
,dan,xipi,liushui,x,他为饥寒我为娇。,231,235,1412341,他为,231,231.5,饥寒,232,232.5,我为娇。,233.5,235
,dan,xipi,liushui,s,分我一枝珊瑚宝，,236.5,241.5,1341123,分我,236.5,237.5,一枝,238,238.5,珊瑚宝，,239.5,241.5
,dan,xipi,liushui,x,安他半世凤凰巢。,242,246,1144422,安他,242,242.5,半世,243,243.5,凤凰巢。,244.5,246
,dan,xipi,liushui,s,忙把梅香低声儿叫，,246.5,267,23211154,忙把,246.5,247.5,梅香,248,251.5,低声儿叫，,252,267
,dan,xipi,liushui,x,莫把姓名你信口晓，,276.5,285,43423433,莫把,276.5,277.5,姓名,278,280,你信口晓，,281,285
,dan,xipi,liushui,s,这都是神话凭空造，,297,304.5,41424214,这都是,297,299.5,神话,300.5,301.5,凭空造，,302,304.5
,dan,xipi,liushui,x,自把珠玉夸富豪，,305,309.5,4314142,自把,305,305.75,珠玉,306,306.5,夸富豪，,307.5,309.5
,dan,xipi,liushui,s,麟儿那有神送到，,310.5,315.75,2543244,麟儿,310.5,311.5,那有,312,313,神送到，,313.5,315.75
,dan,xipi,liushui,x,积德才生玉树苗，,316,320,1221442,积德,316,316.75,才生,317,317.5,玉树苗，,318.5,320
,dan,xipi,liushui,s,小小囊儿何足道，,321.5,327,3325224,小小,321.5,322.5,囊儿,323,324.5,何足道，,325,327
,dan,xipi,liushui,x,救她饥渴胜琼瑶。,327.5,337,4113422,救她,327.5,328.5,饥渴,329,331.5,胜琼瑶。,333,337
daxp-DangRiLi-SuoLinNang.xml,dan,xipi,yuanban,s,当日里好风光忽觉转变，,34,60,1433111234,当日里,34,38.5,好风光,40,43.5,忽觉转变，,48,60
,dan,xipi,yuanban,x,霎时间日色淡似坠西山。,86,108,4214444411,霎时间,86,90.5,日色淡,92,95.5,似坠西山。,96,108
,dan,xipi,yuanban,s,在轿中只觉得天昏地暗。,138,156.5,4413221144,在轿中,138,142.5,只觉得,144,146.5,天昏地暗。,148,156.5
,dan,xipi,yuanban,x,耳听得风声断，雨声喧，雷声乱，乐声阑珊，人声呐喊，都道说是大雨倾天。,158,204,3121143112144121214314144311,耳听得,158,162.5,风声断，雨声喧，雷声乱，乐声阑珊，人声呐喊，都道说是,164,187.5,大雨倾天。,188,204
,dan,xipi,yuanban,s,那花轿必定是因陋就简，,274,292.5,4144441443,那花轿,274,278.5,必定是,280,282.5,因陋就简，,284,292.5
,dan,xipi,yuanban,x,隔帘儿我也曾侧目偷观。,294,312.5,2253324411,隔帘儿,294,298.5,我也曾,300,303.5,侧目偷观。,304,312.5
,dan,xipi,yuanban,s,虽然是古青庐以朴为俭，,314,332.5,1243123323,虽然是,314,318.5,古青庐,320,322.5,以朴为俭，,324,332.5
,dan,xipi,yuanban,x,哪有这短花帘，旧花幔，参差流苏，残破不全。,334,364,33431241411212442,哪有这,334,338.5,短花帘，旧花幔，参差流苏，,340,351.5,残破不全。,352,364
,dan,xipi,yuanban,s,轿中人必定有一腔幽怨，,430,451,4124434114,轿中人,430,434.5,必定有,436,438.5,一腔幽怨，,440,451
,dan,xipi,yuanban,x,她泪自弹、声续断、似杜鹃、啼别院、巴峡哀猿动人心弦，好不惨然。,451.5,485,1442144441224121242123432,她泪自弹、,451.5,454,声续断、似杜鹃、啼别院、巴峡哀猿动人心弦，,456,475.5,好不惨然。,476,485
,dan,xipi,yuanban,s,于归日理应当喜形于面，,486,508.5,2143113224,于归日,486,490.5,理应当,492,495.5,喜形于面，,500,508.5
,dan,xipi,yuanban,x,为什么悲切切哭得可怜。,510,532,4251441232,为什么,510,514.5,悲切切,516,519.5,哭得可怜。,520,532
,dan,xipi,yuanban,s,那时节奴妆奁不下百万，,554,572.5,4222122434,那时节,554,558.5,奴妆奁,560,562.5,不下百万，,564,572.5
,dan,xipi,yuanban,x,怎奈我在轿中赤手空拳。,574,596,3434414312,怎奈我,574,578.5,在轿中,580,583.5,赤手空拳。,584,596
,dan,xipi,yuanban,s,急切里想起了锁麟囊一（呀）件，,626,644.5,24333332224,急切里,626,630.5,想起了,632,634.5,锁麟囊一（呀）件，,636,644.5
,dan,xipi,yuanban,x,囊虽小却能做续命泉源。,646,668,2134244422,囊虽小,646,650.5,却能做,652,655.5,续命泉源。,656,668
,dan,xipi,liushui,s,有金珠和珍宝光华灿烂，,715,723.5,3112131244,有金珠,715,717,和珍宝,718.5,720.5,光华灿烂，,721,723.5
,dan,xipi,liushui,x,红珊瑚碧翡翠样样倶全。,724.5,732,2124344442,红珊瑚,724.5,726,碧翡翠,727.5,729.5,样样倶全。,730,732
,dan,xipi,liushui,s,还有那夜明珠粒粒成串，,733.5,741.5,2344214424,还有那,733.5,735,夜明珠,736.5,738.5,粒粒成串，,739,741.5
,dan,xipi,liushui,x,还有那赤金链，紫瑛簪，白玉环，双凤錾，八宝钗钏一个个宝孕光含。,742,769.5,23441431124214413142443412,还有那,742,744,赤金链，紫瑛簪，白玉环，双凤錾，八宝钗钏一个个,746,766.75,宝孕光含。,767,769.5
,dan,xipi,liushui,s,这囊儿虽非是千古罕见，,770.5,778.5,4221141334,这囊儿,770.5,772.5,虽非是,773.5,775.5,千古罕见，,776,778.5
,dan,xipi,liushui,x,换衣食也够她生活几年。,779,790,4123411232,换衣食,779,781.5,也够她,782,784,生活几年。,786,790
daxp-DiTouLi-NvQiJie.xml,dan,xipi,liushui,s,低头离了洪洞县，,13,19,1223244,低头,13,14,离了,15.5,16.5,洪洞县，,17,19
,dan,xipi,liushui,x,将身来在大街前。,20.5,26,3124412,将身,20.5,21.5,来在,22,23,大街前。,24,26
,dan,xipi,liushui,s,未曾开言我心好惨，,26.5,32,42123133,未曾,26.5,27.5,开言,28,29,我心好惨，,29.75,32
,dan,xipi,liushui,x,过往的君子听我言。,32.5,37,43515132,过往的,32.5,33.75,君子,34,34.5,听我言。,35.5,37
,dan,xipi,liushui,s,哪一位去往南京转，,37.5,43,32443214,哪一位,37.5,38.5,去往,39,40,南京转，,41,43
,dan,xipi,liushui,x,与我那三郎把信传。,43.5,48,33412342,与我,43.5,44,那三郎,44.75,45.5,把信传。,46.5,48
,dan,xipi,liushui,s,就说苏三把命断，,49,52,4111344,就说,49,49.75,苏三,50,50.5,把命断，,51,52
,dan,xipi,liushui,x,来生变犬马我当报还。,52.5,61,214333142,来生变,52.5,53.5,犬马我,54,57.5,当报还。,58,61
daxp-DuiLingHua-BiYuZan.xml,dan,xipi,manban,s,对菱花暗地里芳心自转，,0,30.5,4214431143,对菱花,0,4,暗地里,6,9.75,芳心自转，,14,30.5
,dan,xipi,manban,x,听她言不由人喜上眉尖。,31,65.5,1124223421,听她言,31,35,不由人,37,40.75,喜上眉尖。,45,65.5
,dan,xipi,manban,s,果然是成佳偶两心欢恋，,66,102.5,3242133114,果然是,66,70,成佳偶,72,75.75,两心欢恋，,80,102.5
,dan,xipi,manban,x,也算得人世间美满姻缘。,103,129,3422413312,也算得,103,107,人世间,109,112.75,美满姻缘。,117,129
daxp-ErDeFu-HongNiGuan.xml,dan,xipi,manban,s,儿的父为国家阵前命丧，,0,30,2542214244,儿的父,0,4,为国家,6,10,阵前命丧，,14,30
,dan,xipi,manban,x,撇下了奴一人好不悲凉。,32,64,3432423412,撇下了,32,36,奴一人,38,42,好不悲凉。,46,64
,dan,xipi,manban,s,奴这里只把那结婚思量，,65,99,2433342114,奴这里,65,69,只把那,71,75,结婚思量，,79,99
,dan,xipi,manban,x,倒不如与伯党匹配鸾凰。,101,135,3423233422,倒不如,101,105,与伯党,107,111,匹配鸾凰。,115,135
,dan,xipi,manban,s,清早起我和他一度商量，,137,167,1333212414,清早起,137,141,我和他,143,147,一度商量，,151,167
,dan,xipi,manban,x,不想到狠心郎一味猖狂。,169,195,4343122412,不想到,169,173,狠心郎,175,179,一味猖狂。,183,195
,dan,xipi,manban,s,奴本当把关印付他执掌，,197,227,2313144123,奴本当,197,201,把关印,203,207,付他执掌，,211,227
,dan,xipi,manban,x,又恐怕众将官说短论长。,229,253,4344411343,又恐怕,229,233,众将官,235,238.5,说短论长。,239,253
daxp-ErTingDe-SuoLinNang.xml,dan,xipi,liushui,s,耳听得悲声惨心中如捣，,12,19.5,3121131123,耳听得,12,14,悲声惨,14.5,16.5,心中如捣，,17,19.5
,dan,xipi,liushui,x,同遇人为什么这样嚎啕。,20.5,28.5,2424254422,同遇人,20.5,22.5,为什么,23.5,25.5,这样嚎啕。,26,28.5
,dan,xipi,liushui,s,莫不是夫郎丑难谐女貌，,29.5,37,4241232234,莫不是,29.5,31.5,夫郎丑,32.5,34.5,难谐女貌，,35,37
,dan,xipi,liushui,x,莫不是强婚配鸦占鸾巢。,38,47,4242141422,莫不是,38,40.5,强婚配,41,44.5,鸦占鸾巢。,45,47
,dan,xipi,liushui,s,叫梅香你把那好言相告，,47.5,55.5,4213343214,叫梅香,47.5,49.5,你把那,50.5,52,好言相告，,53,55.5
,dan,xipi,liushui,x,问那厢因何故痛哭无聊？,56,66.5,4411244122,问那厢,56,57.5,因何故,58,61.5,痛哭无聊？,62,66.5
,dan,xipi,liushui,s,梅香说话好颠倒，,90,94.5,2114313,梅香,90,91,说话,92,92.5,好颠倒，,93,94.5
,dan,xipi,liushui,x,不该人前乱解嘲。,95,99.5,4122432,不该,95,95.5,人前,96,96.5,乱解嘲。,97.5,99.5
,dan,xipi,liushui,s,怜贫济困是正道，,100.5,105,2244444,怜贫,100.5,101.5,济困,102,102.5,是正道，,103,105
,dan,xipi,liushui,x,哪有个袖手旁观在壁上瞧。,105.5,117,33443214442,哪有个,105.5,106.5,袖手旁,107,110.5,观在壁上瞧。,111,117
,dan,xipi,liushui,s,蠢才问话太潦草，,182,188.5,3244433,蠢才,182,183,问话,184.5,185.5,太潦草，,186,188.5
,dan,xipi,liushui,x,难免怀疑在心梢。,189,193.5,2322411,难免,189,189.75,怀疑,190,190.5,在心梢。,191.5,193.5
,dan,xipi,liushui,s,你不该人前逞骄傲，,194,200.5,34122314,你不该,194,195,人前,196.5,197.5,逞骄傲，,198,200.5
,dan,xipi,liushui,x,不该词费又滔滔。,201.5,207,4124411,不该,201.5,202.5,词费,203,204.75,又滔滔。,205,207
,dan,xipi,liushui,s,休要噪且站了，,208,211,144343,休要噪,208,209.75,,,,且站了，,210,211
,dan,xipi,liushui,x,薛良与我去问一遭。,213.5,223,12334441,薛良,213.5,215.5,与我去,216,219.5,问一遭。,220,223
,dan,xipi,liushui,s,听薛良一语来相告，,314,321.5,11243214,听薛良,314,316.5,一语,317.5,318.5,来相告，,319,321.5
,dan,xipi,liushui,x,满腹骄矜顿雪潇。,322,326.5,3411431,满腹,322,322.5,骄矜,323,323.5,顿雪潇。,324.5,326.5
,dan,xipi,liushui,s,人情冷暖凭空造，,327.5,332,2233214,人情,327.5,328.5,冷暖,329,329.5,凭空造，,330.5,332
,dan,xipi,liushui,x,谁能移动它半分毫。,332.5,338.5,22241412,谁能,332.5,333.5,移动它,334,335.75,半分毫。,336,338.5
,dan,xipi,liushui,s,我正不足她正少，,339.5,344.5,3442143,我正,339.5,340.5,不足,341,341.5,她正少，,342.5,344.5
,dan,xipi,liushui,x,她为饥寒我为骄。,345,349.75,1412341,她为,345,345.5,饥寒,346,346.5,我为骄。,347.5,349.75
,dan,xipi,liushui,s,分我一枝珊瑚宝，,350,353.5,1341123,分我,350,350.5,一枝,351,351.5,珊瑚宝，,352,353.5
,dan,xipi,liushui,x,安她半世凤凰剿。,354,358,1144423,安她,354,354.5,半世,355,355.5,凤凰剿。,356.5,358
,dan,xipi,liushui,s,忙把梅香低声叫，,358.5,379,2321114,忙把,358.5,359.5,梅香,360,363.5,低声叫，,364,379
,dan,xipi,liushui,x,莫把姓名你信口哓。,396.5,405,43423431,莫把,396.5,397.5,姓名,398,400,你信口哓。,401,405
,dan,xipi,liushui,s,这都是神话凭空造，,426,433.5,41424214,这都是,426,428.5,神话,429.5,430.5,凭空造，,431,433.5
,dan,xipi,liushui,x,自把珠玉夸富豪。,434,438.5,4314142,自把,434,434.5,珠玉,435,435.5,夸富豪。,436.5,438.5
,dan,xipi,liushui,s,麟儿哪有神送到，,439.5,444.5,2533244,麟儿,439.5,440.5,哪有,441,442,神送到，,442.5,444.5
,dan,xipi,liushui,x,积德才生玉树苗。,445,449.5,1221442,积德,445,445.75,才生,446,446.5,玉树苗。,447.5,449.5
,dan,xipi,liushui,s,小小囊儿何足道，,450.5,456,3325224,小小,450.5,451.5,囊儿,452,453.5,何足道，,454,456
,dan,xipi,liushui,x,救她饥渴胜琼瑶。,456.5,466,4113422,救她,456.5,457.5,饥渴,458,461,胜琼瑶。,462,466
daxp-FeiShiWo-TaoHuaCun.xml,dan,xipi,liushui,s,非是我嘱咐叮咛把话讲，,10,19,1433412343,非是我,10,12,嘱咐叮咛,13.5,16.75,把话讲，,17,19
,dan,xipi,liushui,x,只怪你呆头呆脑慌慌张张。,19.5,25,34312131111,只怪你,19.5,20.75,呆头呆脑,21,22.75,慌慌张张。,23,25
,dan,xipi,liushui,s,今夜晚非比那西厢待月、你懂提防、莫轻狂，,26,41,14313411443312412,今夜晚,26,28,非比那西厢待月、你懂提防、,29.5,37,莫轻狂，,39,41
,dan,xipi,liushui,x,关系你患难鸳鸯永宿在池塘。,43,57,143441134422,关系你,43,45,患难鸳鸯,47,52.5,永宿在池塘。,53,57
,dan,xipi,liushui,s,已然错请生波浪，,59,66,3243114,已然,59,59.75,错请,60,61,生波浪，,63,66
,dan,xipi,liushui,x,怎能够粗心大意你再荒唐。,67,77,32411443412,怎能够,67,70,粗心大,71,73,意你再荒唐。,74,77
,dan,xipi,liushui,s,鼓打二更准时往，,78.5,84,3341323,鼓打,78.5,79.5,二更,80,81,准时往，,82.5,84
,dan,xipi,liushui,x,桃花村口莫彷徨。,85,89,2113422,桃花,85,85.75,村口,86,86.5,莫彷徨。,87,89
,dan,xipi,liushui,s,你不要高声不要嚷，,90.5,98,32411243,你不要,90.5,92.5,高声,93,94.75,不要嚷，,95,98
,dan,xipi,liushui,x,你必须眼观六路耳听八方。,99,106,34131443111,你必须,99,101,眼观六路,102,103.5,耳听八方。,104,106
,dan,xipi,liushui,s,不但要仔细听、还要仔细想，,107.5,113,24434124343,不但要,107.5,108.5,仔细听、,109,110,还要仔细想，,111,113
,dan,xipi,liushui,x,是不是有人拍巴掌。,113.5,118,42432113,是不是,113.5,114.5,有人,115,115.5,拍巴掌。,116,118
,dan,xipi,liushui,s,响一声你就还一掌，,120,126,34134243,响一声,120,122,你就,123,123.5,还一掌，,124,126
,dan,xipi,liushui,x,响两声你就凑近身旁。,128,134,331344412,响两声,128,130,你就,131,131.5,凑近身旁。,132,134
,dan,xipi,liushui,s,倘若是你响她也响，,134.5,140,34433133,倘若是,134.5,135.5,你响,136,137.5,她也响，,138,140
,dan,xipi,liushui,x,那就是来了我西厢带路的小红娘。,140.5,156,44423311445322,那就是,140.5,141.5,来了我西厢带路的,142,153.5,小红娘。,154,156
,dan,xipi,liushui,s,你把我当做诸葛亮，,156.5,161,33314134,你把我,156.5,157.5,当做,158,158.5,诸葛亮，,159.5,161
,dan,xipi,liushui,x,听我的号令上战场。,161.5,170,13544443,听我的,161.5,162.5,号令,163,166.5,上战场。,167,170
daxp-LaoDieDie-DaYuShaJia-1.xml,dan,xipi,yuanban,s,老爹爹清晨起前去出首，,30,57,3111232412,老爹爹,30,34,清晨起,36,39.5,前去出首，,44,57
,dan,xipi,yuanban,x,到叫我桂英儿挂在心头；,90,111,4434154412,到叫我,90,94,桂英儿,96,99.5,挂在心头；,100,111
,dan,xipi,yuanban,s,将身儿坐至在草堂等候，,138,165,3154443234,将身儿,138,142,坐至在,144,147.5,草堂等候，,152,165
,dan,xipi,yuanban,x,等候了爹爹回细问根由。,198,219,3431124412,等候了,198,202,爹爹回,204,207.5,细问根由。,208,219
daxp-LaoDieDie-DaYuShaJia-2.xml,dan,xipi,yuanban,s,老爹爹清晨起前去出首，,22,49,3111232413,老爹爹,22,26.5,清晨起,28,31.5,前去出首，,36,49
,dan,xipi,yuanban,x,倒叫我桂英儿挂在心头。,74,95,3434124412,倒叫我,74,78.5,桂英儿,80,83.5,挂在心头。,84,95
,dan,xipi,yuanban,s,将身儿坐至在草堂等候，,114,141,3154443234,将身儿,114,118,坐至在,120,123.75,草堂等候，,128,141
,dan,xipi,yuanban,x,等候了爹爹回细问根由。,166,186,3431124412,等候了,166,170.5,爹爹回,172,175.5,细问根由。,176,186
daxp-LaoDieDie-SanJiZhang-1.xml,dan,xipi,manban,s,老爹爹请息（呀）怒容儿细讲，,6,33,3113142243,老爹爹,6,10,请息（呀）怒,12,15.75,容儿细讲，,20,33
,dan,xipi,manban,x,我立志不嫁那状元才郎。,58,89,3442444222,我立志,58,62.25,不嫁那,64,67.75,状元才郎。,72,89
,dan,xipi,manban,s,父休笑薛平贵是花郎模样，,110,128.25,41412441224,父休笑,110,114.25,薛平贵是,116,119.75,花郎模样，,120,128.25
,dan,xipi,manban,x,贫穷人得了志比富还强。,130,152,2222343422,贫穷人,130,134.25,得了志,136,139.75,比富还强。,140,152
daxp-LaoDieDie-SanJiZhang-2.xml,dan,xipi,manban,s,老爹爹请息怒容儿细讲，,30,60,3113142243,老爹爹,30,34,请息怒,36,39.75,容儿细讲，,44,60
,dan,xipi,manban,x,儿命苦怎配着状元才郎？,86,121,2433424222,儿命苦,86,90,怎配着,92,95.75,状元才郎？,100,121
,dan,xipi,manban,s,父道那薛平贵是那化郎模样，,150,188.5,444124444224,父道那,150,154,薛平贵,156,172,是那化郎模样，,179.5,188.5
,dan,xipi,manban,x,这样人得了志比父还强。,190,210,4422343422,这样人,190,194,得了志,196,199.75,比父还强。,200,210
daxp-LaoDieDie-YuZhouFeng.xml,dan,xipi,yuanban,s,老爹爹发恩德将本修上，,30,56,3111121314,老爹爹,30,34.5,发恩德,36,39.5,将本修上，,44,56
,dan,xipi,yuanban,x,明早朝上金殿面奏吾皇。,90,112,2324144422,明早朝,90,94.5,上金殿,96,99.5,面奏吾皇。,100,112
,dan,xipi,yuanban,s,倘若是有道君皇恩浩荡，,142,164,3443412144,倘若是,142,146,有道君,148,151.5,皇恩浩荡，,156,164
,dan,xipi,yuanban,x,观此本免了儿一门祸殃。,166,187,1333324241,观此本,166,170,免了儿,172,175.5,一门祸殃。,176,187
,dan,xipi,sanban,s,老爹爹在朝中官高爵显，,201,214,3114211123,老爹爹,201,203,在朝中,204,207,官高爵显，,210,214
,dan,xipi,sanban,x,却为何贪富贵不顾羞惭。,219,238,4421442412,却为何,219,221,贪富贵,222,225,不顾羞惭。,228,238
daxp-MengJunZi-ChunQiuPei-1.xml,dan,xipi,yuanban,s,蒙君子至殷勤再三问话，,22,53,2134124144,蒙君子,22,26.5,至殷勤,28,31.5,再三问话，,36,53
,dan,xipi,yuanban,x,虽然是男女别不得不答。,86,109,1242324242,虽然是,86,90.5,男女别,92,95.5,不得不答。,96,109
,dan,xipi,yuanban,s,家住在罗郡城魁星楼下，,138,165,1442422124,家住在,138,142.5,罗郡城,144,147.5,魁星楼下，,152,165
,dan,xipi,yuanban,x,我的父名姜绍贸易天涯。,190,211,3542144412,我的父,190,194.5,名姜绍,196,199.5,贸易天涯。,200,211
,dan,xipi,yuanban,s,在家中受不过继母拷打，,230,252,4114244333,在家中,230,234.5,受不过,236,239.75,继母拷打，,244,252
,dan,xipi,yuanban,x,莫奈何到荒郊我就来捡芦花。,254,273,442411342321,莫奈何,254,258.5,到荒郊我就,260,263.875,来捡芦花。,264,273
daxp-MengJunZi-ChunQiuPei-2.xml,dan,xipi,yuanban,s,蒙君子至诚心再三问话，,22,52,2134214144,蒙君子,22,26,至诚心,28,31.5,再三问话，,36,52
,dan,xipi,yuanban,x,虽然是不相识我就不得不答。,86,108,124412344242,虽然是,86,90,不相识我就,92,95.5,不得不答。,96,108
,dan,xipi,yuanban,s,家住在罗郡城魁星楼下，,138,164,1442422124,家住在,138,142,罗郡城,144,147.5,魁星楼下，,152,164
,dan,xipi,yuanban,x,我爹爹名姜绍贸易天涯。,190,212,3112144412,我爹爹,190,194,名姜绍,196,199.5,贸易天涯。,200,212
,dan,xipi,yuanban,s,身有病还受那继母拷打，,242,260.5,1342444333,身有病,242,246,还受那,248,250.5,继母拷打，,252,260.5
,dan,xipi,yuanban,x,因此上到郊外来捡芦花（呀）。,262,283,1344142321,因此上,262,266,到郊外,268,271.5,来捡芦花（呀）。,272,283
daxp-MengTingDe-MuiGuiYingGuaShuai.xml,dan,xipi,liushui,s,猛听得金鼓响画角声震，,8,16,3121334314,猛听得,8,10,金鼓响,11.5,13,画角声震，,14,16
,dan,xipi,liushui,x,唤起我破天门状志凌云。,17.5,25,4334124422,唤起我,17.5,19,破天门,20.5,22.5,状志凌云。,23,25
,dan,xipi,liushui,s,想当年桃花马上威风凛凛，,26,34,31221341133,想当年,26,28,桃花马上,30,31.5,威风凛凛，,32,34
,dan,xipi,liushui,x,敌血飞溅石榴裙。,35,39,2414252,敌血,35,35.75,飞溅,36,36.5,石榴裙。,37.5,39
,dan,xipi,liushui,s,有生之日责当尽，,40.5,46,3114213,有生,40.5,41.5,之日,42,43,责当尽，,44,46
,dan,xipi,liushui,x,寸土怎能够属于他人。,46.5,52,433243212,寸土怎,46.5,48,能够,49,49.75,属于他人。,50,52
,dan,xipi,liushui,s,番王小丑何足论，,53,56,1233224,番王,53,53.5,小丑,54,54.5,何足论，,55,56
,dan,xipi,liushui,x,我一剑能挡百万兵。,56.5,70,32423341,我一剑,56.5,57.5,能挡,58,60,百万兵。,61,70
daxp-MuQinBu-FengHuanChao.xml,dan,xipi,liushui,s,母亲不必心太偏，,12,18,3124141,母亲,12,13,不必,14.5,15.5,心太偏，,16,18
,dan,xipi,liushui,x,女儿言来听根源。,19.5,25,3222112,女儿,19.5,20.5,言来,21,22,听根源。,23.5,25
,dan,xipi,liushui,s,自古常言道得好，,26.5,32.5,4322423,自古,26.5,27.5,常言,28,29.5,道得好，,30,32.5
,dan,xipi,liushui,x,女儿清白最为先。,33,37,3212421,女儿,33,33.75,清白,34,34.5,最为先。,35.5,37
,dan,xipi,liushui,s,人生不知顾脸面，,38.5,44,2141434,人生,38.5,39.5,不知,40,41,顾脸面，,42,44
,dan,xipi,liushui,x,活在世上也枉然。,44.5,53,2444332,活在,44.5,45.5,世上,46,48,也枉然。,50,53
daxp-NiDeFu-FenHeWan.xml,dan,xipi,yuanban,s,你的父去投军无音信，,32,58,354421214,你的父,32,36.5,去投军,38,41.5,无音信，,46,58
,dan,xipi,yuanban,x,全仗你打雁养娘亲，,88,108,24334321,全仗你,88,92.5,打雁,94,97.5,养娘亲，,98,108
,dan,xipi,yuanban,s,把弓带和鱼镖与儿带定，,136,158.5,3142213244,把弓带,136,140.5,和鱼镖,142,145.5,与儿带定，,150,158.5
,dan,xipi,yuanban,x,不等到日落及早回程。,160,184,434442322,不等到,160,164.5,日落,166,169.5,及早回程。,170,184
daxp-QiaoLouShang-HuangShanLei.xml,dan,xipi,manban,s,谯楼上二更鼓声声送听，,30,60,1244131141,谯楼上,30,34.5,二更鼓,36,39.5,声声送听，,44,60
,dan,xipi,manban,x,父子们去采药未见回程。,86,121,4354344422,父子们,86,90.25,去采药,92,95.5,未见回程。,100,121
,dan,xipi,manban,s,对孤灯思远道心神不定，,150,168.25,4111341224,对孤灯,150,154.25,思远道,156,159,心神不定，,160,168.25
,dan,xipi,manban,x,不知他在荒山何处安身。,170,196,4114112411,不知他,170,174.25,在荒山,176,179.75,何处安身。,180,196
,dan,xipi,yuanban,s,到三更真个是月明人静，,246,268.5,4111444224,到三更,246,250.5,真个是,252,255.5,月明人静，,260,268.5
,dan,xipi,yuanban,x,猛听得窗儿外似有人行。,270,292,3121544322,猛听得,270,274.5,窗儿外,276,278.5,似有人行。,280,292
,dan,xipi,yuanban,s,忙移步隔花荫留神听定，,322,356,2242112214,忙移步,322,326.5,隔花荫,328,331.5,留神听定，,336,356
,dan,xipi,yuanban,x,原来是秋风起扫叶之声。,382,405,2241133411,原来是,382,386.5,秋风起,388,391.5,扫叶之声。,392,405
,dan,xipi,yuanban,s,听画鼓报四更愈添凄冷，,434,456.5,1434414113,听画鼓,434,438.5,报四更,440,443.5,愈添凄冷，,448,456.5
,dan,xipi,yuanban,x,看娇儿正酣睡恐被风侵。,458,480,4124143411,看娇儿,458,462.5,正酣睡,464,467.5,恐被风侵。,468,480
,dan,xipi,yuanban,s,我不免引寒机伴奴坐等，,526,557,3433214243,我不免,526,530.5,引寒机,532,544,伴奴坐等，,552,557
,dan,xipi,erliu,x,又思来又想去越不安宁。,559,574,4124344412,又思来,559,563.25,又想去,565,567.75,越不安宁。,568,574
,dan,xipi,erliu,s,数更等交五鼓空房愈冷，,577,590.25,4131331243,数更等,577,580.75,交五鼓,583,585.75,空房愈冷，,586,590.25
,dan,xipi,erliu,x,果然是晓鸡唱天已黎明。,591,608,3243141322,果然是,591,595.25,晓鸡唱,597,599.5,天已黎明。,600,608
,dan,xipi,erliu,s,我不免唤琏儿到街前探问，,609,627,34343541244,我不免,609,611.25,唤琏儿,612,618,到街前探问，,619.5,627
,dan,xipi,erliu,x,你爹爹到如今未转家门。,639,650,3114214312,你爹爹,639,641.5,到如今,642,644.5,未转家门。,645,650
daxp-SuSanLi-NvQiJie.xml,dan,xipi,liushui,s,苏三离了洪洞县，,8,14,1123244,苏三,8,9,离了,10.5,11.5,洪洞县，,12,14
,dan,xipi,liushui,x,将身来在大街前。,15.5,21,3124412,将身,15.5,16.5,来在,17,19,大街前。,19.5,21
,dan,xipi,liushui,s,未曾开言心内惨，,22.5,28,4212143,未曾,22.5,23.5,开言,24,25.5,心内惨，,26,28
,dan,xipi,liushui,x,过往的君子听我言。,28.625,33,43515132,过往的,28.625,29.5,君子,30,31,听我言。,31.5,33
,dan,xipi,liushui,s,哪一位去往南京转，,34.5,40,32443213,哪一位,34.5,35.5,去往,36,37,南京转，,38,40
,dan,xipi,liushui,x,与我那三郎把信传。,40.75,45,33412342,与我那,40.75,41.5,三郎,42,43,把信传。,43.5,45
,dan,xipi,liushui,s,言说苏三把命断，,46,49,2111344,言说,46,46.5,苏三,47,47.5,把命断，,48,49
,dan,xipi,liushui,x,来生变犬马我当报还！,49.5,61,214333142,来生变,49.5,50.5,犬马,51,53,我当报还！,54,61
daxp-TingTaYan-ZuoGong.xml,dan,xipi,liushui,s,听他言吓得我浑身是汗，,10,18.5,1124232144,听他言,10,12,吓得我,13.5,15.5,浑身是汗，,16,18.5
,dan,xipi,liushui,x,十五载到今日才吐真言。,19.5,27,2334142312,十五载,19.5,21.5,到今日,22.5,24.5,才吐真言。,25,27
,dan,xipi,liushui,s,原来是杨家将把名姓改换，,28,36,22421432434,原来是,28,30.5,杨家将,31.5,33,把名姓改换，,33.75,36
,dan,xipi,liushui,x,他思家乡想骨肉就不能团圆。,36.5,45,111132444222,他思家乡,36.5,39,想骨肉,40,42,就不能团圆。,42.75,45
,dan,xipi,liushui,s,我这里走向前再把礼见，,46,65,3433424334,我这里,46,48,走向前,49,51,再把礼见，,57,65
,dan,xipi,liushui,x,尊一声驸马爷细听咱言。,77,85,1414324122,尊一声,77,79,驸马爷,80,82.5,细听咱言。,83,85
,dan,xipi,liushui,s,早晚间休怪我言语怠慢，,86.5,94,3311432344,早晚间,86.5,88,休怪我,89.5,91,言语怠慢，,92,94
,dan,xipi,liushui,x,不知者不怪罪你的海量放宽。,95,106,413244353441,不知者,95,97.5,不怪罪,98,100,你的海量放宽。,101,106
daxp-WoDeNiang-XinAnYi.xml,dan,xipi,yuanban,s,我的娘她忘了女生外姓，,0,13,3521433144,我的娘,0,2,她忘了,3,4.875,女生外姓，,7,13
,dan,xipi,yuanban,x,奴年交十九岁还守闺门。,14,25,2212342312,奴年交,14,16,十九岁,17,18.875,还守闺门。,19,25
,dan,xipi,yuanban,s,这几日身不爽心中烦闷，,26,43,4341431124,这几日,26,28,身不爽,29,30.875,心中烦闷，,33,43
,dan,xipi,yuanban,x,却原来母亲到儿未知情。,44,54,4223142412,却原来,44,46,母亲到,47,48.75,儿未知情。,49,54
daxp-WoHeNi-SangYuanHui.xml,dan,xipi,kuaiban,s,我和你有什么夫妻的情，,0,7,3233251152,我和你,0,2,有什么,3.5,4.5,夫妻的情，,5,7
,dan,xipi,kuaiban,x,谁认你狼心狗肺的人！,7.5,16,243213452,谁认你,7.5,8.5,狼心,9,12.5,狗肺的人！,13,16
daxp-WoZhuYe-SiLangTanMu.xml,dan,xipi,manban,s,我主爷金沙滩早把命丧，,31,66,3321113341,我主爷,31,35,金沙滩,37,40.75,早把命丧，,45,66
,dan,xipi,manban,x,众文武扶哀家执掌军房。,91,141,4232112312,众文武,91,95,扶哀家,97,114,执掌军房。,121,141
,dan,xipi,manban,s,众卿随忙挂点亲率官员，,155,189,4122431412,众卿随,155,159,忙挂点,161,165,亲率官员，,169,189
,dan,xipi,manban,x,一心心要夺取宋室江山。,227,266,4114234411,一心心,227,231,要夺取,233,236,宋室江山。,241,266
,dan,xipi,manban,s,叫番儿忙摆驾银安殿，,283,312,412234214,叫番儿,283,287.75,忙摆驾,289,292,银安殿，,297,312
,dan,xipi,yaoban,x,阅兵书看何人前来何安。,324,343,4114222221,阅兵书,324,326,看何人,328,330,前来何安。,336,343
daxp-XiRiLi-LongFengChengXiang.xml,dan,xipi,manban,s,昔日里梁鸿配孟光，,32,66,14322441,昔日里,32,36,梁鸿,38,41,配孟光，,46,66
,dan,xipi,manban,x,今朝仙女会襄王。,84,122,1113412,今朝,84,88,仙女,90,93.5,会襄王。,98,122
,dan,xipi,manban,s,暗地堪笑奴兄长，,148,182.5,4414213,暗地,148,152,堪笑,154,157.5,奴兄长，,162,182.5
,dan,xipi,manban,x,安排虎计害刘王。,200,230.5,1234422,安排,200,204,虎计,206,209.5,害刘王。,210,230.5
,dan,xipi,manban,s,月老本是乔国丈，,244,266.5,4334224,月老,244,248,本是,250,253,乔国丈，,258,266.5
,dan,xipi,manban,x,纵有大事料无妨。,292,310,4344422,纵有,292,296,大事,298,301.75,料无妨。,302,310
daxp-XiRiLiang-LongFengChengXiang.xml,dan,xipi,manban,s,昔日梁鸿配孟光，,30,55,1422441,昔日,30,34,梁鸿,36,39.75,配孟光，,44,55
,dan,xipi,manban,x,今朝仙女会襄王。,78,117,1113412,今朝,78,82,仙女,84,87.75,会襄王。,92,117
,dan,xipi,manban,s,暗地堪笑我兄长，,146,181,4414313,暗地,146,150,堪笑,152,155.75,我兄长，,160,181
,dan,xipi,manban,x,安排巧计害刘王。,206,228,1234422,安排,206,210,巧计,212,215.5,害刘王。,216,228
daxp-XiShiNv-XiShi.xml,dan,xipi,manban,s,西施女生长在苎萝村里，,31,62,1131344213,西施女,31,35,生长在,37,40.75,苎萝村里，,45,62
,dan,xipi,manban,x,难得有开怀事常锁双眉。,87,121,2231242312,难得有,87,91,开怀事,93,96.5,常锁双眉。,101,121
,dan,xipi,manban,s,只为着守清寒柴门近水，,151,197,3423122243,只为着,151,155,守清寒,157,170,柴门近水，,177,197
,dan,xipi,manban,x,每日里浣纱去又傍清溪。,231,261.5,3434144411,每日里,231,235,浣纱去,237,240.5,又傍清溪。,241,261.5
,dan,xipi,manban,s,怕只怕损玉颜姣容自惜，,291,313,4343421241,怕只怕,291,295,损玉颜,297,300.5,姣容自惜，,305,313
,dan,xipi,manban,x,对清溪时照影自整罗农。,315,337,4112434322,对清溪,315,319,时照影,321,324.5,自整罗农。,325,337
dldeh-ShouBiPo-ChunQiuPei.xml,,,,,Part 1,,,,Part 1,,,,,,,,
,dan,erhuang,manban,s1,受逼迫去捡柴泪如雨下，,36,84,4144324234,受逼迫,36,40.5,去捡柴,44,52,泪如雨下，,64,84
,dan,erhuang,manban,x,病恹恹身无力难以挣扎。,100,132.5,4111242312,病恹恹,100,107,身无力,109,111,难以挣扎。,112,132.5
,dan,erhuang,manban,s1,奴好比花未开风吹雨打，,224,280.5,2331411133,奴好比,224,228,花未开,232,240.5,风吹雨打，,252,280.5
,dan,erhuang,manban,x,想亲娘和老父心乱如麻。,316,339,3122341422,想亲娘,316,323,和老父,325,327,心乱如麻。,328,339
,,,,,Part 2,,,,Part 2,,,,,,,,
,laodan,erhuang,sanyan,s1,你继母心毒狠将你打骂，,148,188.75,3431231334,你继母,148,153.5,心毒狠,156,165.75,将你打骂，,180,188.75
,laodan,erhuang,sanyan,x,全（呐）不顾你身有病气力不佳。,192,208,22431344441,全（呐）不顾,192,195,你身有病,196.5,199.5,气力不佳。,200,208
lseh-JinZhongXiang-ShangTianTai.xml,laosheng,erhuang,manban,s1,金钟响玉磬应王登龙庭，,0,41,1134442122,金钟响,0,4.5,玉磬应,8,16,王登龙庭，,17,41
,laosheng,erhuang,manban,x,寡人喜的是五谷丰登。,42,62,323543311,寡人,42,49,喜的是,51,53.5,五谷丰登。,54,62
,laosheng,erhuang,manban,s1,文凭着邓先生策划有准，,63,85.5,2224114433,文凭着,63,67.5,邓先生,71,75,策划有准，,76,85.5
,laosheng,erhuang,manban,x,武仗着姚皇兄保定乾坤。,88,105.5,3422213421,武仗着,88,90.5,姚皇兄,93,95,保定乾坤。,96,105.5
,laosheng,erhuang,manban,s2,内侍臣忙摆驾九龙口进，,108,136,4422343234,内侍臣,108,110.25,忙摆驾,113,115.5,九龙口进，,116,136
,laosheng,erhuang,manban,x,又听得殿角下大放悲声。,137,169,4124344411,又听得,137,140,殿角下,141,150,大放悲声。,153,169
lseh-LaoZhangBu-WuPenJi.xml,laosheng,erhuang,yuanban,s1,老丈不（哇）必胆怕惊，,16.5,44.5,3424341,老丈,16.5,19,不（哇）必,20.5,25.5,胆怕惊，,32.5,44.5
,laosheng,erhuang,yuanban,x,我有言来你是（喏）听。,64.5,74.5,3322341,我有,64.5,68.25,言来,69,70,你是（喏）听。,70.5,74.5
,laosheng,erhuang,yuanban,s1,休把我当作了妖魔论，,84.5,106.5,133143124,休把我,84.5,88,当作了,90.5,95.5,妖魔论，,102.5,106.5
,laosheng,erhuang,yuanban,x,我本屈死一鬼魂。,108.5,118.5,3313432,我本,108.5,110,屈死,111,112,一鬼魂。,112.5,118.5
,laosheng,erhuang,yuanban,s1,我忙将树（呃）枝摆摇（哇）动，,136,166,32141324,我忙将,136,139.5,树（呃）枝,142,147,摆摇（哇）动，,154,166
,laosheng,erhuang,yuanban,x,抓一（呀）把沙土扬灰尘。,186,208,14313212,抓一（呀）把,186,190,沙土,192.5,193.5,扬灰尘。,194,208
,laosheng,erhuang,yuanban,s1,我和你远无冤近无有仇恨，,216,240.5,32332142324,我和你,216,219,远无冤,222,229,近无有仇恨，,236,240.5
,laosheng,erhuang,yuanban,x,望求老丈把冤伸。,242,259,4234311,望求,242,243.5,老丈,244.5,245.5,把冤伸。,246,259
lseh-NiangZiBu-SouGuJiuGu.xml,laosheng,erhuang,yuanban,s1,娘子不（哇）必太烈性，,18,40.5,2524444,娘子,18,21,不（哇）必,24,28,太烈性，,36,40.5
,laosheng,erhuang,yuanban,x,卑（呀）人言来你是（喏）听。,42,52,1222341,卑（呀）人,42,43.75,言来,44.5,45.5,你是（喏）听。,46,52
,laosheng,erhuang,yuanban,s1,赵屠二家有仇恨，,60,82.5,4241324,赵屠,60,63,二家,66,70,有仇恨，,78,82.5
,laosheng,erhuang,yuanban,x,三百余口命赴幽冥。,84,90.5,13234412,三百,84,84.75,余口,85,85.75,命赴幽冥。,86,90.5
,laosheng,erhuang,yuanban,s2,我与那公孙杵臼把计定，,92,100.5,3341134344,我与那,92,93.5,公孙杵臼,94,95.75,把计定，,96,100.5
,laosheng,erhuang,yuanban,x,他舍命来你我舍亲生。,102,111,124233211,他舍,102,103.5,命来,104.5,105.25,你我舍亲生。,106,111
,laosheng,erhuang,yuanban,s2,舍子搭救忠（呃）良的后，,112,120.5,23141254,舍子,112,113.75,搭救,114.5,115.5,忠（呃）良的后，,116,120.5
,laosheng,erhuang,yuanban,x,老天爷不绝我的后代根。,122,131,3124235441,老天爷,122,123.75,不绝我的,124.5,125.75,后代根。,126,131
,laosheng,erhuang,yuanban,s2,你今舍了亲生子，,132,140.5,3123113,你今,132,133.5,舍了,134.5,135.5,亲生子，,136,140.5
,laosheng,erhuang,yuanban,x,来年必定降麒麟。,142,154,2244422,来年,142,143,必定,144.5,145.5,降麒麟。,146,154
,laosheng,erhuang,yuanban,s1,千言万（哪）语她不肯，,162,184,1243143,千言,162,165,万（哪）语,168,172,她不肯，,180,184
,laosheng,erhuang,yuanban,x,不舍娇儿难救孤身。,186,193,42122411,不舍,186,186.25,娇儿,187,187.75,难救孤身。,188,193
,laosheng,erhuang,yuanban,s2,无奈何我只得双（呃）膝跪，,194,210,242332114,无奈何,194,195.5,我只得,196.5,197.75,双（呃）膝跪，,198,210
,laosheng,erhuang,yaoban,x,哀求娘子（喏）舍亲（呐）生。,228,249,1225211,哀求,228,230,娘子（喏）,231,238,舍亲（呐）生。,243,249
lseh-TanXiongDi-SangYuanJiZi.xml,laosheng,erhuang,manban,s1,叹兄兀弟遭不幸一旦丧命，,36,90,41441242444,叹兄兀弟,36,41.5,遭不幸,44,53.5,一旦丧命，,68,90
,laosheng,erhuang,manban,x,丢下了年幼儿好不伤情。,128,160,1432423412,丢下了,128,135,年幼儿,137,139,好不伤情。,140,160
,laosheng,erhuang,manban,s1,眼望着孤坟台珠泪难忍，,176,212.5,3421221423,眼望着,176,180,孤坟台,184,191,珠泪难忍，,204,212.5
,laosheng,erhuang,manban,x,见坟台不见人刀割我心。,216,240,4222421131,见坟台,216,219,不见人,220,229.5,刀割我心。,232,240
lseh-TuZeiZuo-SouGuJiuGu.xml,laosheng,erhuang,yuanban,s1,屠贼做事心太狠，,0,23,2244143,屠贼,0,2.5,做事,6,10,心太狠，,11,23
,laosheng,erhuang,yuanban,x,诬杀赵家一满门。,24,40,1141432,诬杀,24,27.5,赵家,28.5,29.5,一满门。,30,40
,laosheng,erhuang,yuanban,s1,眼见得忠良无救应，,41,58,34212244,眼见得,41,44,忠良,47,53,无救应，,54,58
,laosheng,erhuang,yuanban,x,大事还要问程婴。,60,72,4424421,大事,60,61,还要,62,66.5,问程婴。,68,72
lseh-WeiGuoJia-HongYangDong-1.xml,laosheng,erhuang,yuanban,s1,为国家那何曾半日闲空，,16.5,48,4214224421,为国家,16.5,19.5,那何曾,22.5,28,半日闲空，,34.5,48
,laosheng,erhuang,yuanban,x,我也曾平服了塞北西东。,66.5,78.5,3322234311,我也曾,66.5,70,平服了,71,72.25,塞北西东。,72.5,78.5
,laosheng,erhuang,yuanban,s1,官封到节度使（喏）皇王恩重，,86.5,124,1142432214,官封到,86.5,89.75,节度使（喏）,92.5,98,皇王恩重，,104.5,124
,laosheng,erhuang,yuanban,x,身不爽不由人瞌睡朦胧（呃）。,142.5,164.5,1434221422,身不爽,142.5,148,不由人,149.25,150.25,瞌睡朦胧（呃）。,150.5,164.5
lseh-WeiGuoJia-HongYangDong-2.xml,laosheng,erhuang,yuanban,s1,为国家哪何曾半日闲空，,17,47,4213224421,为国家,17,20.5,哪何曾,23,27,半日闲空，,35,47
,laosheng,erhuang,yuanban,x,我也曾平服了塞北西东。,67,77,3322234311,我也曾,67,70.5,平服了,71.5,72.75,塞北西东。,73,77
,laosheng,erhuang,yuanban,s1,官封到节度使（喏）皇王恩重，,87,123,1142432214,官封到,87,90.5,节度使（喏）,93,97,皇王恩重，,105,123
,laosheng,erhuang,yuanban,x,身不爽不由人瞌睡朦胧（呃）（哪）。,143,165,1434221422,身不爽,143,148.625,不由人,149.5,150.75,瞌睡朦胧（呃）（哪）。,151,165
lseh-WeiGuoJia-HongYangDong-3.xml,laosheng,erhuang,yuanban,s1,为国家哪何曾半日闲空，,16.5,48.5,4213224421,为国家,16.5,20.5,哪何曾,22.5,26.5,半日闲空，,34.5,48.5
,laosheng,erhuang,yuanban,x,我也曾平服了塞北西东。,66.5,78.5,3322234311,我也曾,66.5,70,平服了,71,72,塞北西东。,72.5,78.5
,laosheng,erhuang,yuanban,s1,官封到节度史（喏）皇王恩重，,86.5,124.5,1142432214,官封到,86.5,88.5,节度史（喏）,92.5,96.5,皇王恩重，,104.5,124.5
,laosheng,erhuang,yuanban,x,身不爽不由人瞌睡朦胧。,142.5,164.5,1434221422,身不爽,142.5,148.125,不由人,149,150,瞌睡朦胧。,150.5,164.5
lseh-WeiKaiYan-RangXuZhou.xml,laosheng,erhuang,yuanban,s1,未开言不由人（呐）珠泪滚滚，,18,48,4124221433,未开言,18,22,不由人（呐）,26,30,珠泪滚滚，,38,48
,laosheng,erhuang,yuanban,x,天卸重任我就要（哇）你担承。,68,82,1444344312,天卸,68,71.5,重任我就,72.5,73.75,要（哇）你担承。,74,82
,laosheng,erhuang,yuanban,s1,二犬子（呃）皆年幼（哇）难当（呃）重任，,92,116.5,4331242144,二犬子（呃）,92,95,皆年幼（哇）,98,104,难当（呃）重任，,112,116.5
,laosheng,erhuang,yuanban,x,老朽年迈我也不能够担承。,118,126,33243342412,老朽,118,119,年迈我,120.5,121.75,也不能够担承。,122,126
,laosheng,erhuang,yuanban,s2,望使君放开怀慨然（呐）应（呐）允，,128,136,4314123213,望使君,128,129,放开怀,130.5,131.75,慨然（呐）应（呐）允，,132,136
,laosheng,erhuang,yuanban,x,救生灵（呐）积阴（呐）功也免得我坐卧不宁。,138,150,41211133234442,救生灵（呐）,138,139.75,积阴（呐）功,140,142,也免得我坐卧不宁。,142.75,150
lseh-XinZhongYou-WenZhaoGuan.xml,laosheng,erhuang,yuanban,s1,心中有事难合眼，,8,30.5,1134223,心中,8,10,有事,14,18.5,难合眼，,26,30.5
,laosheng,erhuang,yuanban,x,翻来复去睡不安。,32,52,1244441,翻来,32,33,复去,34.5,35.5,睡不安。,36,52
,laosheng,erhuang,yuanban,s1,背地里只把东皋公怨，,70,94.5,443331114,背地里,70,72.5,只把,76,83.5,东皋公怨，,90,94.5
,laosheng,erhuang,yuanban,x,叫人难解巧机关。,96,105,4223311,叫人,96,97,难解,98.5,99.5,巧机关。,100,105
,laosheng,erhuang,yuanban,s2,若是真心来救我，,106,114.75,4411243,若是,106,108,真心,108.5,109.75,来救我，,110,114.75
,laosheng,erhuang,yuanban,x,为何几日他不言，,116,125,4234142,为何,116,117,几日,118.5,119.5,他不言，,120,125
,laosheng,erhuang,yuanban,s2,贪图富贵来害我，,126,134.5,1244243,贪图,126,127.5,富贵,128,129.5,来害我，,130,134.5
,laosheng,erhuang,yuanban,x,你就该把我献与昭关。,136,145,341334311,你就该,136,138,把我,138.5,139.5,献与昭关。,140,145
,laosheng,erhuang,yuanban,s2,哭一声爹娘不能相见，,146,154,141124214,哭一声,146,147.25,爹娘,148.5,149.5,不能相见，,150,154
,laosheng,erhuang,yuanban,k,不能（呃）哎见，爹娘（呃）。,156,200,421412,不能（呃）哎见，爹娘（呃）。,156,200,,,,,,
,laosheng,erhuang,yuanban,x,要相逢除非是梦（呃）里团圆。,228,254,4122144322,要相逢,228,231.5,除非是,232.5,233.5,梦（呃）里团圆。,234,254
,laosheng,erhuang,yuanban,s1,鸡鸣犬吠五更（呃）天，,264,308,1234311,鸡鸣,264,267,犬吠,270,277,五更（呃）天，,284,308
,laosheng,erhuang,yuanban,x,越思越想好伤惨，,326,335,4143313,越思,326,327,越想,328,329,好伤惨，,330,335
,laosheng,erhuang,yuanban,s2,想当初在朝为官宦，,336,344.5,31142214,想当初,336,337.5,在朝,338.5,339.75,为官宦，,340,344.5
,laosheng,erhuang,yuanban,x,朝臣待漏五更寒。,346,355,2244312,朝臣,346,347,待漏,348,349.5,五更寒。,350,355
,laosheng,erhuang,yuanban,s2,到如今夜宿在荒村院，,356,364,421444114,到如今,356,357,夜宿在,358.5,359.5,荒村院，,360,364
,laosheng,erhuang,yuanban,x,我冷冷清清向谁言（呃）。,365.5,409,33311422,我冷冷,365.5,367,清清,368,369.75,向谁言（呃）。,370,409
,laosheng,erhuang,yuanban,s1,我本当拔宝剑自寻短见，,426,454,3312344234,我本当,426,429,拔宝剑,432,443,自寻短见，,450,454
,laosheng,erhuang,yuanban,k,寻短（呃）哎见爹娘（呃）。,456,486,231412,寻短（呃）哎见爹娘（呃）。,456,486,,,,,,
,laosheng,erhuang,yuanban,x,父母的冤仇化尘烟，,514,523,43512421,父母的,514,515.5,冤仇,516,517,化尘烟，,518,523
,laosheng,erhuang,yuanban,s2,对天发下宏誓愿，,524,532.5,4114244,对天,524,525,发下,526,527,宏誓愿，,528,532.5
,laosheng,erhuang,yuanban,x,我不杀平王我的心怎甘。,533.5,558,3412235131,我不杀,533.5,535,平王,536,541,我的心怎甘。,544,558
lseh-XiRiLi-BaoLianDeng.xml,laosheng,erhuang,kuaisanyan,s1,昔日里有一个孤竹君，,33.5,85.5,143324121,昔日里,33.5,36.5,有一个,41.5,45.5,孤竹君，,61.5,85.5
,laosheng,erhuang,kuaisanyan,x,伯夷叔齐二大贤人，,125.5,153.5,22124422,伯夷,125.5,132.5,叔齐,134.5,137,二大贤人，,137.5,153.5
,laosheng,erhuang,kuaisanyan,s1,都只为孤（哇）竹君身染重病（哪），,173.5,214.5,1341211344,都只为,173.5,177,孤（哇）竹君,181.5,191.5,身染重病（哪），,205.5,214.5
,laosheng,erhuang,kuaisanyan,x,传口诏命次子即位为君，,217.5,233.5,2344434421,传口诏,217.5,220.5,命次子,222.5,225,即位为君，,225.5,233.5
,laosheng,erhuang,kuaisanyan,s2,那叔齐分长幼不能担任，,237.5,255,4121344214,那叔齐,237.5,240.5,分长幼,242.5,245,不能担任，,245.5,255
,laosheng,erhuang,kuaisanyan,x,那伯夷尊父命也不能应承，,257.5,274.5,42214434242,那伯夷,257.5,260.5,尊父命,262.5,264.5,也不能应承，,265.5,274.5
,laosheng,erhuang,kuaisanyan,s2,弟让兄来兄不能应（呐）允，,277.5,291,441214213,弟让,277.5,279.25,兄来,279.5,281,兄不能应（呐）允，,281.5,291
,laosheng,erhuang,kuaisanyan,x,兄（呃）推弟来两不能够担承。,293.5,310.5,1142342412,兄（呃）推,293.5,297,弟来,297.5,300.5,两不能够担承。,301.5,310.5
,laosheng,erhuang,kuaisanyan,s2,那伯夷出午门无（哇）有踪（呃）影，,313.5,331,4221322313,那伯夷,313.5,316.5,出午门,318.5,320.5,无（哇）有踪（呃）影，,321.5,331
,laosheng,erhuang,kuaisanyan,x,那叔齐逃出了后宰门，,333.5,350.5,412213432,那叔齐,333.5,336.5,逃出了,338.5,341,后宰门，,341.5,350.5
,laosheng,erhuang,kuaisanyan,s2,首阳山前冻饿死（喏）。,353.5,366.5,3212443,首阳,353.5,355,山前,355.5,357,冻饿死（喏）。,357.5,366.5
,laosheng,erhuang,kuaisanyan,x,留得美名万古存，,369.5,384.5,2232432,留得,369.5,371,美名,371.5,373,万古存，,373.5,384.5
,laosheng,erhuang,kuaisanyan,s2,为父的怎比得孤竹君，,385.5,401.5,245332121,为父的,385.5,388.5,怎比得,390.5,393,孤竹君，,393.5,401.5
,laosheng,erhuang,kuaisanyan,x,二娇儿也难比那两个贤人。,405.5,422.5,41232343422,二娇儿,405.5,408.5,也难比那,409.5,413,两个贤人。,413.5,422.5
,laosheng,erhuang,kuaisanyan,s2,打死了别家子父能作主，,425.5,442.5,3332134243,打死了,425.5,427.5,别家子,430.5,433,父能作主，,433.5,442.5
,laosheng,erhuang,kuaisanyan,x,打死个秦官保父不能担承。,445.5,485.5,33421344212,打死个,445.5,448.5,秦官保,450.5,453,父不能担承。,453.5,485.5
lseh-XuMaoGong-QinQiongFaPei.xml,laosheng,erhuang,yuanban,s1,徐茂公阴阳多奥妙，,0,17,24112144,徐茂公,0,3,阴阳,6,12,多奥妙，,13,17
,laosheng,erhuang,yuanban,x,文韬武略智谋高。,19,28,2134421,文韬,19,20.5,武略,21.5,22.5,智谋高。,23,28
,laosheng,erhuang,yuanban,s2,既是为我前来到，,29,37,4423224,既是,29,30.5,为我,31,32.5,前来到，,33,37
,laosheng,erhuang,yuanban,x,缘何不救我出笼牢。,39,48,22243122,缘何,39,40.5,不救我,41.5,42.5,出笼牢。,43,48
,laosheng,erhuang,yuanban,s2,是是是（呀）来我明白了，,49,57,44423253,是是,49,50,是（呀）来我,51,52.5,明白了，,53,57
,laosheng,erhuang,yuanban,x,其中必有这巧（哇）妙高。,59,71,21434341,其中必,59,64.5,有这,65,66.5,巧（哇）妙高。,67,71
lseh-YangYanZhao-PengBei.xml,laosheng,erhuang,yuanban,s1,杨延昭奉父命巡查大营，,0,19,2214442242,杨延昭,0,3,奉父命,6,10,巡查大营，,11,19
,laosheng,erhuang,yuanban,x,在中途得一信甚是不明。,20,32,4122244442,在中途,20,23.5,得一信,24.5,25.75,甚是不明。,26,32
,laosheng,erhuang,yuanban,s1,迈虎步我且把宝帐来进，,33,48,4343333424,迈虎步,33,35.5,我且把,39,43,宝帐来进，,44,48
,laosheng,erhuang,yuanban,x,又只见老爹爹瞌睡沉沉。,50,59.5,4343111422,又只见,50,52,老爹爹,52.5,53.5,瞌睡沉沉。,54,59.5
,laosheng,erhuang,yuanban,s2,我本当将此事对他来论，,60,72,3311344124,我本当,60,61.5,将此事,62.5,63.5,对他来论，,64,72
,laosheng,erhuang,yuanban,x,又恐怕惊动了年迈之人。,73,88,4341432412,又恐怕,73,74.5,惊动了,75,79.5,年迈之人。,81,88
lseh-YiLunMing-WenZhaoGuan-1.xml,laosheng,erhuang,manban,s1,一轮明月照窗前，,36,94,4224412,一轮,36,41,明月,44,53,照窗前，,68,94
,laosheng,erhuang,manban,x,愁人心（哪）中似箭穿。,132,165,2211441,愁人,132,139,心（哪）中,141,142,似箭穿。,144,165
,laosheng,erhuang,manban,s1,实指（惹）望到吴国借兵回转，,180,220.5,2344224123,实指（惹）望,180,183,到吴国,188,197.5,借兵回转，,212,220.5
,laosheng,erhuang,manban,x,谁知昭关有阻拦。,224,241.75,2111332,谁知,224,226.5,昭关,229,230,有阻拦。,232,241.75
,laosheng,erhuang,manban,s2,幸遇那东皋公行方便，,244,260.5,444111214,幸遇那,244,246,东皋公,249,250.5,行方便，,252,260.5
,laosheng,erhuang,manban,x,他将我隐藏在后花园。,264,281.5,113324412,他将我,264,266.25,隐藏在,269,271,后花园。,272,281.5
,laosheng,erhuang,manban,s2,一连几天我的眉不（哇）展，,284,300.5,423135243,一连,284,286,几天我的,289,291.5,眉不（哇）展，,292,300.5
,laosheng,erhuang,manban,x,夜夜何曾得安眠。,304,317.5,4422212,夜夜,304,305,何曾,306,307.75,得安眠。,308,317.5
,laosheng,erhuang,manban,s2,俺伍员好一似丧家犬，,320,336.5,332324113,俺伍员,320,322,好一似,325,327.5,丧家犬，,328,336.5
,laosheng,erhuang,manban,x,满腹的含冤我向谁言（哪）！,340,353.5,345213422,满腹的,340,341.75,含冤我,342,343.5,向谁言（哪）！,344,353.5
,laosheng,erhuang,manban,s2,我好（哇）比哀哀长空雁，,356,372.5,33311314,我好（哇）比,356,358,哀哀,361,362,长空雁，,364,372.5
,laosheng,erhuang,manban,x,我好比龙游在浅沙滩。,376,393.5,333224311,我好比,376,378,龙游在,381,383,浅沙滩。,384,393.5
,laosheng,erhuang,manban,s2,我好（哇）比鱼儿吞了钩线，,396,415,333251314,我好（哇）比,396,398,鱼儿,401,402.75,吞了钩线，,404,415
,laosheng,erhuang,manban,x,我好（哇）比波浪中失舵的舟船（哪）。,416,433.5,33314114512,我好（哇）比,416,418,波浪中,421,422.5,失舵的舟船（哪）。,424,433.5
,laosheng,erhuang,manban,s2,思来想去我的肝肠断，,436,466,123435124,思来,436,440.5,想去我的,441,443.75,肝肠断，,444,466
,laosheng,erhuang,manban,x,今夜晚怎能够盼到明天。,500,530,1433244421,今夜晚,500,507.5,怎能够,509,511.5,盼到明天。,512,530
,laosheng,erhuang,yuanban,s1,心中有事难合眼，,592,614.5,1134223,心中,592,594.25,有事,598,602.5,难合眼，,610,614.5
,laosheng,erhuang,yuanban,x,翻来覆去睡不（哇）安。,616,638,1244441,翻来,616,617,覆去,618.5,619.5,睡不（哇）安。,620,638
,laosheng,erhuang,yuanban,s1,背地里只把东皋公怨，,654,678.5,443331114,背地里,654,656.5,只把,660,667.5,东皋公怨，,674,678.5
,laosheng,erhuang,yuanban,x,叫人难解巧机关，,680,689,4223311,叫人,680,681,难解,682.5,683.5,巧机关，,684,689
,laosheng,erhuang,yuanban,s2,若是真心来救我，,690,698.75,4411243,若是,690,692,真心,692.5,693.75,来救我，,694,698.75
,laosheng,erhuang,yuanban,x,为何几日他不言。,700,709,4234142,为何,700,701,几日,702.5,703.5,他不言。,704,709
,laosheng,erhuang,yuanban,s2,贪图富贵来害我，,710,718.5,1244243,贪图,710,711.5,富贵,712,713.5,来害我，,714,718.5
,laosheng,erhuang,yuanban,x,你就该把我献与昭关。,720,729,341334311,你就该,720,722,把我,722.5,723.5,献与昭关。,724,729
,laosheng,erhuang,yuanban,s2,哭一声爹娘不能相见，,730,738,141124214,哭一声,730,731,爹娘,732.5,733.5,不能相见，,734,738
,laosheng,erhuang,yuanban,k,不能（哪）哎见爹娘（兀）！,740,784,421412,不能（哪）哎见爹娘（兀）！,740,784,,,,,,
,laosheng,erhuang,yuanban,x,要相逢陈非是梦（兀）里团圆。,812,838,4122144322,要相逢,812,815.5,陈非是,816.5,817.5,梦（兀）里团圆。,818,838
,laosheng,erhuang,yuanban,s1,鸡鸣犬吠五更（哪）天，,860,904,1234311,鸡鸣,860,863,犬吠,866,872.5,五更（哪）天，,880,904
,laosheng,erhuang,yuanban,x,越思越想好伤惨，,922,930.5,4143313,越思,922,923,越想,924,925,好伤惨，,926,930.5
,laosheng,erhuang,yuanban,s2,想当初在朝为官宦，,932,940.5,31142214,想当初,932,933.5,在朝,934.5,935.75,为官宦，,936,940.5
,laosheng,erhuang,yuanban,x,朝臣待漏（哇）五更寒，,942,950.5,2244312,朝臣,942,943,待漏（哇）,944,945.5,五更寒，,946,950.5
,laosheng,erhuang,yuanban,s2,到如今夜宿在荒村院，,952,960,421444114,到如今,952,953,夜宿在,954.5,955.5,荒村院，,956,960
,laosheng,erhuang,yuanban,x,我冷冷清清向谁言（哪）。,961.5,1005,33311422,我冷冷,961.5,963,清清,964,965.75,向谁言（哪）。,966,1005
,laosheng,erhuang,yuanban,s1,我本当拔宝剑自寻短见，,1022,1050,3312344234,我本当,1022,1024,拔宝剑,1028,1039,自寻短见，,1046,1050
,laosheng,erhuang,yuanban,k,寻短（哪）哎见爹娘（兀）！,1052,1084,231412,寻短（哪）哎见爹娘（兀）！,1052,1084,,,,,,
,laosheng,erhuang,yuanban,x,父母的冤仇化尘烟，,1112,1121,43512421,父母的,1112,1113.5,冤仇,1114,1115,化尘烟，,1116,1121
,laosheng,erhuang,yuanban,s2,对天发不宏誓愿，,1122,1130.5,4114244,对天,1122,1123,发不,1124,1125,宏誓愿，,1126,1130.5
,laosheng,erhuang,yuanban,x,我不杀平王我的心怎甘（哪）。,1131.5,1158,3412235131,我不杀,1131.5,1133,平王,1134,1139,我的心怎甘（哪）。,1141,1158
lseh-YiLunMing-WenZhaoGuan-2.xml,laosheng,erhuang,manban,s1,一轮明月照窗前，,36,94,4224412,一轮,36,41,明月,44,53.5,照窗前，,68,94
,laosheng,erhuang,manban,x,愁人心（呐）中似箭穿。,132,165,2211441,愁人,132,139,心（呐）中,141,142,似箭穿。,144,165
,laosheng,erhuang,manban,s1,实指望到吴国借兵回转，,180,220.5,2344224123,实指望,180,183,到吴国,188,197.5,借兵回转，,212,220.5
,laosheng,erhuang,manban,x,谁知昭关有阻拦。,224,241.5,2111332,谁知,224,226.5,昭关,229,230,有阻拦。,232,241.5
,laosheng,erhuang,manban,s2,幸遇那东皋公行方便，,244,260.5,444111214,幸遇那,244,246.25,东皋公,249,250.5,行方便，,252,260.5
,laosheng,erhuang,manban,x,他将我隐藏在后花园。,264,281.5,113324412,他将我,264,266.25,隐藏在,269,271,后花园。,272,281.5
,laosheng,erhuang,manban,s2,一连几天我的眉不（呃）展，,284,300.5,423135243,一连,284,286,几天我的,289,291.5,眉不（呃）展，,292,300.5
,laosheng,erhuang,manban,x,夜夜何曾得安眠。,304,317.5,4422212,夜夜,304,305,何曾,306,307.75,得安眠。,308,317.5
,laosheng,erhuang,manban,s2,俺伍员好一似丧家犬，,320,336.5,332324113,俺伍员,320,322,好一似,325,327.5,丧家犬，,328,336.5
,laosheng,erhuang,manban,x,满腹的含冤我向谁言（喏）。,340,353.5,345213422,满腹的,340,341.75,含冤我,342,343.5,向谁言（喏）。,344,353.5
,laosheng,erhuang,manban,s2,我好（呃）比哀哀长空雁，,356,372.5,33311314,我好（呃）比,356,358,哀哀,361,362,长空雁，,364,372.5
,laosheng,erhuang,manban,x,我好比龙游在浅沙滩。,376,393.5,333224311,我好比,376,378,龙游在,381,383,浅沙滩。,384,393.5
,laosheng,erhuang,manban,s2,我好（呃）比鱼儿吞了钩线，,396,415,333251314,我好（呃）比,396,398,鱼儿,401,402.75,吞了钩线，,404,415
,laosheng,erhuang,manban,x,我好（呃）比波浪中失舵的舟船（喏）。,416,433.5,33314114512,我好（呃）比,416,418,波浪中,421,422.5,失舵的舟船（喏）。,424,433.5
,laosheng,erhuang,manban,s2,思来想去我的肝肠断，,436,466,123435124,思来,436,440.5,想去我的,441,443.75,肝肠断，,444,466
,laosheng,erhuang,manban,x,今夜晚怎能够盼到明天。,500,530,1433244421,今夜晚,500,507.5,怎能够,509,511.75,盼到明天。,512,530
lseh-YiLunMing-ZhuoFangCao-1.xml,laosheng,erhuang,manban,s1,一轮明月照窗下，,36,92,4224414,一轮,36,41.5,明月,44,53,照窗下，,68,92
,laosheng,erhuang,manban,x,陈宫心（呐）中乱如麻，,132,164,2111422,陈宫,132,139.5,心（呐）中,141,143.5,乱如麻，,144,164
,laosheng,erhuang,manban,s1,悔不该心猿并意马。,176,1277/6,34112443,悔不该,176,181,心猿,184,190,并意马。,204,1277/6
,laosheng,erhuang,manban,x,悔不该随他人到吕家，,216,233.5,341212431,悔不该,216,218,随他人,221,223.5,到吕家，,224,233.5
,laosheng,erhuang,manban,s2,吕伯奢可算得义气（呀）大，,236,1517/6,321342444,吕伯奢,236,239,可算得,241,243,义气（呀）大，,244,1517/6
,laosheng,erhuang,manban,x,杀猪（喏）沽（哇）酒款待于他，,256,273.5,11133421,杀猪（喏）,256,259,沽（哇）酒,261,263,款待于他，,264,273.5
,laosheng,erhuang,manban,s2,又谁知此贼的疑心（呐）太（呀）大，,276,293.5,4213252144,又谁知,276,279,此贼的,281,283,疑心（呐）太（呀）大，,284,293.5
,laosheng,erhuang,manban,x,拔出剑将他的满门杀，,296,313.5,214115321,拔出剑,296,298.5,将他的,301,303.5,满门杀，,304,313.5
,laosheng,erhuang,manban,s2,一家人倶丧在宝剑之（喏）下，,316,333.5,4124443414,一家人,316,318,倶丧在,321,323,宝剑之（喏）下，,324,333.5
,laosheng,erhuang,manban,x,年迈的老丈命（呐）染黄沙。,336,349.5,245344321,年迈的,336,337.75,老丈,338,339.5,命（呐）染黄沙。,340,349.5
,laosheng,erhuang,manban,s2,屈死的冤鬼魂休来怨（呐）咱，,352,2213/6,1351321242,屈死的,352,354.75,冤鬼魂,357,359,休来怨（呐）咱，,360,2213/6
,laosheng,erhuang,manban,x,自有那神灵（啊）天地鉴察。,372,416,434221442,自有那,372,374,神灵（啊）,376,385.5,天地鉴察。,388,416
,laosheng,erhuang,yuanban,s1,听谯楼打罢了二（喏）更鼓下，,478,500.5,1123434134,听谯楼,478,480.75,打罢了,484,488,二（喏）更鼓下，,496,500.5
,laosheng,erhuang,yuanban,x,越思越想把事来作差。,502,513,414334241,越思,502,503.75,越想,504,505.75,把事来作差。,506,513
,laosheng,erhuang,yuanban,s1,悔不该把家属一（呀）旦撇下，,520,542.5,3413132434,悔不该,520,523,把家属,526,530,一（呀）旦撇下，,538,542.5
,laosheng,erhuang,yuanban,x,悔不该弃县今抛却了乌（哇）纱，,544,553,34144414311,悔不该,544,545,弃县今,546.5,547.5,抛却了乌（哇）纱，,548,553
,laosheng,erhuang,yuanban,s2,我只说贼是个宽宏量大，,554,562.5,3312441244,我只说,554,555.5,贼是个,556.5,557.5,宽宏量大，,558,562.5
,laosheng,erhuang,yuanban,x,汉室后来贼是个惹祸的根芽。,564,583,444224434512,汉室,564,565,后来贼是个,566,571.5,惹祸的根芽。,572,583
,laosheng,erhuang,yuanban,s1,观此贼睡卧真（呐）潇洒，,656,678.75,13244113,观此贼,656,659,睡卧,662,668,真（呐）潇洒，,674,678.75
,laosheng,erhuang,yuanban,x,安眠好似井底之蛙，,680,689,12343311,安眠,680,682,好似,682.5,683.5,井底之蛙，,684,689
,laosheng,erhuang,yuanban,s2,贼好比蛟龙未生鳞甲，,690,698.5,233124123,贼好比,690,691,蛟龙,692.5,693.5,未生鳞甲，,694,698.5
,laosheng,erhuang,yuanban,x,贼好比猛虎未（呀）曾长牙，,700,709.5,233334232,贼好比,700,701,猛虎,702.5,703.5,未（呀）曾长牙，,704,709.5
,laosheng,erhuang,yuanban,s2,虎在笼中我不打，,710,720.75,3431343,虎在,710,711,笼中,712,713,我不打，,714,720.75
,laosheng,erhuang,yuanban,x,我岂肯放虎归山又（哇）把人抓。,722,748,33343114321,我岂肯,722,723,放虎归山,724,725.5,又（哇）把人抓。,726,748
,laosheng,erhuang,sanban,s,执宝剑将贼的（呀）头割下，,806,835,234125214,执宝剑,806,811,将贼的（呀）,812,820,头割下，,829,835
,laosheng,erhuang,sanban,x,险些儿把事（喏）又（哇）作差。,838,869,31534441,险些儿,838,840,把事（喏）,841,854,又（哇）作差。,863,869
lseh-YiLunMing-ZhuoFangCao-2.xml,laosheng,erhuang,sanyan,s1,一轮明月照窗下，,36,93,4224414,一轮,36,41,明月,44,53,照窗下，,68,93
,laosheng,erhuang,sanyan,x,陈宫心中乱如麻。,132,160,2111422,陈宫,132,136,心中,141,142,乱如麻。,144,160
,laosheng,erhuang,sanyan,s1,悔不该心猿并意马，,176,212,34112443,悔不该,176,180,心猿,184,190,并意马，,204,212
,laosheng,erhuang,sanyan,x,悔不该随他人到吕家。,216,232,341212431,悔不该,216,218,随他人,221,223.5,到吕家。,224,232
,laosheng,erhuang,sanyan,s2,吕伯奢可算得义气大，,236,252,321342444,吕伯奢,236,238,可算得,241,243,义气大，,244,252
,laosheng,erhuang,sanyan,x,杀猪沽酒款待与他。,256,272,11133431,杀猪,256,258.5,沽酒,261,263.5,款待与他。,264,272
,laosheng,erhuang,sanyan,s2,又谁知此贼的疑心太大，,276,292,4213252144,又谁知,276,278,此贼的,281,283.5,疑心太大，,284,292
,laosheng,erhuang,sanyan,x,拔出剑将他的满门杀。,296,312,214115321,拔出剑,296,298,将他的,301,303.5,满门杀。,304,312
,laosheng,erhuang,sanyan,s2,一家人倶丧在宝剑之下，,316,332.75,4124443414,一家人,316,318,倶丧在,321,323,宝剑之下，,324,332.75
,laosheng,erhuang,sanyan,x,年迈老丈命染黄沙。,336,348,24344321,年迈,336,337.5,老丈,338,339.5,命染黄沙。,340,348
,laosheng,erhuang,sanyan,s2,屈死的冤鬼魂休要怨咱，,352,368.5,1351321442,屈死的,352,354,冤鬼魂,357,359.75,休要怨咱，,360,368.5
,laosheng,erhuang,sanyan,x,自有那神灵儿天地鉴察。,372,413,4342251442,自有那,372,374,神灵儿,376,385,天地鉴察。,388,413
lseh-YiLunMing-ZhuoFangSuDian.xml,laosheng,erhuang,manban,s1,一轮明月照窗下，,12,69.5,4224414,一轮,12,16.5,明月,20,28,照窗下，,44,69.5
,laosheng,erhuang,manban,x,陈宫心（呐）中乱如麻，,108,138,2111422,陈宫,108,115.5,心（呐）中,117,119,乱如麻，,120,138
,laosheng,erhuang,manban,s1,悔不该心猿并意马，,152,188.5,34112443,悔不该,152,157,心猿,160,167,并意马，,180,188.5
,laosheng,erhuang,manban,x,悔不该随他人到吕家。,192,209.5,341212431,悔不该,192,194.5,随他人,197,199.5,到吕家。,200,209.5
,laosheng,erhuang,manban,s2,吕伯奢可算得义气（呀）大，,212,228.5,321342444,吕伯奢,212,215,可算得,217,219.25,义气（呀）大，,220,228.5
,laosheng,erhuang,manban,x,杀猪（喏）沽酒款待与他，,232,250,11133431,杀猪（喏）,232,234.5,沽酒,237,239,款待与他，,240,250
,laosheng,erhuang,manban,s2,又谁知此贼的疑心（呐）太（呀）大，,252,269,4213252144,又谁知,252,255,此贼的,257,259,疑心（呐）太（呀）大，,260,269
,laosheng,erhuang,manban,x,拔出剑将他的满门杀，,272,289.5,214115321,拔出剑,272,275,将他的,277,279,满门杀，,280,289.5
,laosheng,erhuang,manban,s2,一家人倶丧在宝剑之（喏）下，,292,309,4124443414,一家人,292,294.5,倶丧在,297,298.5,宝剑之（喏）下，,300,309
,laosheng,erhuang,manban,x,年迈的老丈命（呐）染黄沙。,312,325,245344321,年迈的,312,313.75,老丈,314,315,命（呐）染黄沙。,316,325
,laosheng,erhuang,manban,s2,屈死的怨鬼魂休要怨（呐）咱，,328,344.5,1354321442,屈死的,328,330.5,怨鬼魂,333,335.5,休要怨（呐）咱，,336,344.5
,laosheng,erhuang,manban,x,自有那神灵儿天地鉴察。,348,389,4342251442,自有那,348,350.5,神灵儿,352,361.5,天地鉴察。,364,389
lseh-ZenNengGou-BaDaChui.xml,laosheng,erhuang,yuanban,s1,怎能够思一计番营来进，,0,15,3241241224,怎能够,0,3,思一计,6,10.5,番营来进，,11,15
,laosheng,erhuang,yuanban,x,前后话对文龙细说衷情。,17,26,2444224112,前后话,17,18,对文龙,19.5,20.5,细说衷情。,21,26
,laosheng,erhuang,yuanban,s1,前也思（喏）后又想无有计定，,27,50,2314432344,前也思（喏）,27,30,后又想,33,37.5,无有计定，,38,50
,laosheng,erhuang,yuanban,x,倒不如上公安观看古今。,51,63,4424111431,倒不如,51,52.5,上公安,53,57.5,观看古今。,59,63
lseh-ZiNaRi-HongYangDong.xml,laosheng,erhuang,kuaisanyan,s1,自（喏）那日朝罢归身（呐）染重病，,12,49.75,4442411344,自（喏）那日,12,16.5,朝罢归,20,28,身（呐）染重病，,40,49.75
,laosheng,erhuang,kuaisanyan,x,三更时梦（呃）见（呐）了年迈爹尊（呐）。,52,89,1124432411,三更时,52,54,梦（呃）见（呐）了,57,59.25,年迈爹尊（呐）。,60,89
,laosheng,erhuang,kuaisanyan,s1,我前番命孟良骸骨搬（呐）请，,104,140.5,3214422313,我前番,104,108,命孟良,112,118,骸骨搬（呐）请，,132,140.5
,laosheng,erhuang,kuaisanyan,x,那乃是萧天佐以（呀）假成真；,144,162,4341133321,那乃是,144,146,萧天佐,149,151,以（呀）假成真；,152,162
,laosheng,erhuang,kuaisanyan,s2,二次（喏）里命孟良番营来进，,164,181,4434421224,二次（喏）里,164,166,命孟良,169,171,番营来进，,172,181
,laosheng,erhuang,kuaisanyan,x,又谁知焦克明他私（呀）自后跟（呐），,184,201.5,42114211441,又谁知,184,186,焦克明他,189,191.5,私（呀）自后跟（呐），,192,201.5
,laosheng,erhuang,kuaisanyan,s2,老军报他二人在洪洋（呃）洞丧（呃）命，,204,221,314142422444,老军报,204,207,他二人在,209,211.5,洪洋（呃）洞丧（呃）命，,212,221
,laosheng,erhuang,kuaisanyan,x,去了我左右膀难以飞行。,224,241,4333432312,去了我,224,226,左右膀,229,231.5,难以飞行。,232,241
,laosheng,erhuang,kuaisanyan,s2,为此事终（啊）日里忧成疾病，,244,261,4341431224,为此事,244,247,终（啊）日里,249,251.5,忧成疾病，,252,261
,laosheng,erhuang,kuaisanyan,x,因此上臣的病重（呃）加十分、千岁爷呀！,264,317,13425441211421,因此上,264,267,臣的病,269,271,重（呃）加十分、千岁爷呀！,272,317
lsxp-CiShiJian-HuaiHeYing-1.xml,laosheng,xipi,liushui,s,此时间不可闹笑话，,8,15,32143444,此时间,8,10,不可,11.5,12.5,闹笑话，,13,15
,laosheng,xipi,liushui,x,胡言乱语怎瞒（呐）咱。,16.5,22.5,2243322,胡言,16.5,17.5,乱语,18,19.5,怎瞒（呐）咱。,20,22.5
,laosheng,xipi,liushui,s,在长安是你夸大话，,23,30,43143144,在长安,23,25,是你,26.5,27.75,夸大话，,28,30
,laosheng,xipi,liushui,x,为什么事到如今耍奸滑。,30.5,36,4254421312,为什么,30.5,31.75,事到如今,32,33.5,耍奸滑。,34.5,36
,laosheng,xipi,liushui,s,左手拉住了李左车，,37.5,43,33143331,左手,37.5,38.5,拉住了,39,41,李左车，,41.5,43
,laosheng,xipi,liushui,x,右手再把栾布拉。,44.5,50,4343241,右手,44.5,45.5,再把,46,47.5,栾布拉。,48,50
,laosheng,xipi,liushui,s,三人同把那鬼门关上踏（啊），,51.5,85,1223432144,三人同,51.5,53,把那鬼,55,57.5,门关上踏（啊），,58,85
,laosheng,xipi,sanban,x,生死二字（喏）且由他。,107,124,1344321,生死,107,108,二字（喏）,109,112,且由他。,114,124
lsxp-CiShiJian-HuaiHeYing-2.xml,laosheng,xipi,liushui,s,此时间不可闹笑话，,10,18,32143444,此时间,10,13,不可,13.5,14.5,闹笑话，,15,18
,laosheng,xipi,liushui,x,胡言乱语怎瞒（呐）咱！,18.5,24,2243322,胡言,18.5,19.5,乱语,20,21.75,怎瞒（呐）咱！,22,24
,laosheng,xipi,liushui,s,在长安是你夸大话，,25,32,43143144,在长安,25,27,是你,28.5,29.5,夸大话，,30,32
,laosheng,xipi,liushui,x,为什么事到如今耍奸滑？,32.5,38,4254421312,为什么,32.5,33.5,事到如今,34,35.5,耍奸滑？,36.5,38
,laosheng,xipi,liushui,s,左手拉住了李左车，,39.5,46,33143331,左手,39.5,40.5,拉住了,41,43,李左车，,43.5,46
,laosheng,xipi,liushui,x,右手再把栾布拉，,46.5,52,4343241,右手,46.5,47.5,再把,48,49.5,栾布拉，,50,52
,laosheng,xipi,liushui,s,三人同把那鬼门关上爬，,53.5,86,1223432142,三人同,53.5,55,把那鬼,57,59.5,门关上爬，,60,86
,laosheng,xipi,sanban,x,生死二字（喏）且由他！,114,133,1344321,生死,114,114.5,二字（喏）,115,119,且由他！,125,133
lsxp-DaHeYi-SiLangTanMu.xml,,,,,Part 1,,,,Part 1,,,,,,,,
,laosheng,xipi,yaoban,s,大喝一声（哪）如雷震，,10,25,4441224,大喝,10,11,一声（哪）,12,19,如雷震，,20,25
,laosheng,xipi,kuaiban,x,杨家将令鬼神惊。,37,43,2144321,杨家,37,38,将令,39.5,40.5,鬼神惊。,41,43
,laosheng,xipi,kuaiban,s,迈步且把宝帐（呀）进，,44,61,4433344,迈步,44,45,且把,46,48,宝帐（呀）进，,53,61
,laosheng,xipi,kuaiban,x,上面（哪）坐的同胞人。,73,79,4445212,上面（哪）,73,74.5,坐的,75.5,76,同胞人。,77,79
,laosheng,xipi,kuaiban,s,弟兄们分别十五春，,80.5,86,41512231,弟兄们,80.5,81.5,分别,82,83,十五春，,84.5,86
,laosheng,xipi,kuaiban,x,怎知今日回宋营。,87.5,93,3114242,怎知,87.5,88,今日,89,90.5,回宋营。,91,93
,laosheng,xipi,kuaiban,s,将身站在了阶前等，,94,100,11443123,将身,94,95,站在了,96,97.5,阶前等，,98,100
,laosheng,xipi,kuaiban,x,问我一言答一声。,101,109,4342241,问我,101,102.5,一言,103,106,答一声。,107,109
,laosheng,xipi,kuaiban,s,家住后山磁州郡，,168,174,1441214,家住,168,169,后山,170.5,171.5,磁州郡，,172,174
,laosheng,xipi,kuaiban,x,火堪寨上有家门。,175.5,181,3144312,火堪,175.5,176.5,寨上,177,178,有家门。,179,181
,laosheng,xipi,kuaiban,s,我父令公官极品，,182.5,188,3441123,我父,182.5,183.5,令公,184,185,官极品，,186.5,188
,laosheng,xipi,kuaiban,x,我母佘氏老太君。,189.5,195,3324341,我母,189.5,190.5,佘氏,191,192.5,老太君。,193,195
,laosheng,xipi,kuaiban,s,十五年前沙滩会，,196.5,202,2322114,十五,196.5,197,年前,198,199,沙滩会，,200,202
,laosheng,xipi,kuaiban,x,失落番邦被贼擒。,203.5,209,1411422,失落,203.5,204,番邦,205,206.5,被贼擒。,207,209
,laosheng,xipi,kuaiban,s,六弟下位把兄认，,210,216,4444314,六弟,210,211,下位,212,213,把兄认，,214,216
,laosheng,xipi,kuaiban,x,我是你四哥回宋营。,217,225,34341242,我是你,217,218.5,四哥,219,222,回宋营。,223,225
,laosheng,xipi,kuaiban,x,弟兄对坐叙寒温。,292,301,4144421,弟兄,292,293,对坐,294,297,叙寒温。,298,301
,,,,,Part 2,,,,Part 2,,,,,,,,
,laosheng,xipi,kuaiban,s,本帅帐中用目睁，,110,116,3441441,本帅,110,111,帐中,112.5,113.5,用目睁，,114,116
,laosheng,xipi,kuaiban,x,见一番汉帐中行。,117.5,123,4414412,见一,117.5,118,番汉,119,120,帐中行。,121,123
,laosheng,xipi,kuaiban,s,龙行虎步非凡等，,124.5,130,2234123,龙行,124.5,125.5,虎步,126,127,非凡等，,128,130
,laosheng,xipi,kuaiban,x,灯光之下看不真。,131.5,137,1114441,灯光,131.5,132.5,之下,133,134.5,看不真。,135,137
,laosheng,xipi,kuaiban,s,本帅开言把他问，,138.5,144,3412314,本帅,138.5,139.5,开言,140,141.5,把他问，,142,144
,laosheng,xipi,kuaiban,x,你是番邦什么人？,145.5,151,3411252,你是,145.5,146,番邦,147,148,什么人？,149,151
,laosheng,xipi,kuaiban,s,家住哪州并哪郡？,152,158,1431434,家住,152,153.5,哪州,154,155,并哪郡？,156,158
,laosheng,xipi,kuaiban,x,要见本帅为何情？,159,167,4434422,要见,159,160,本帅,161,164,为何情？,165,167
,laosheng,xipi,kuaiban,s,听罢言来才知情，,226,232,1422212,听罢,226,227,言来,228.5,229,才知情，,230,232
,laosheng,xipi,kuaiban,x,原来四哥回宋营。,233.5,239,2241242,原来,233.5,234.5,四哥,235,236,回宋营。,237,239
,laosheng,xipi,kuaiban,s,众将与爷忙掩（哪）门，,240,250,4432232,众将,240,241,与爷,242,244,忙掩（哪）门，,246,250
,laosheng,xipi,yaoban,x,自己骨肉认不清。,263,270,4334441,自己,263,265.5,骨肉,266,267.5,认不清。,268,270
,laosheng,xipi,yaoban,s,走上前来忙松捆，,278,285,3422213,走上,278,279,前来,280,282.5,忙松捆，,283,285
lsxp-HenPingWang-WenZhaoGuan.xml,laosheng,xipi,yuanban,s,恨平王无道乱楚宫（兀），,15,29,42224431,恨平王,15,17,无道,18,19.5,乱楚宫（兀），,22,29
,laosheng,xipi,yuanban,x,父纳子（呃）妻礼难容，,43,52,4431322,父纳,43,45,子（呃）妻,46,47,礼难容，,48,52
,laosheng,xipi,yuanban,s,我的（呀）父谏奏反把命（哪）送，,53,66,354443344,我的（呀）父,53,55,谏奏,56,61.5,反把命（哪）送，,62,66
,laosheng,xipi,yuanban,x,满门的家着血染红。,67,79,32512432,满门的,67,69.5,家着,70,71.5,血染红。,72,79
lsxp-JiangShenEr-SanJiaDian.xml,laosheng,xipi,liushui,s,将身儿来至在大街口，,11,18,312244413,将身儿,11,13,来至在,14.5,15.5,大街口，,16,18
,laosheng,xipi,liushui,x,尊一声过往的宾朋听从头：,19.5,25,14143512122,尊一声,19.5,20.75,过往的宾朋,21,23,听从头：,23.5,25
,laosheng,xipi,liushui,s,一不是响马与贼寇，,26.5,32,12433324,一不是,26.5,27.5,响马,28,29.5,与贼寇，,30.5,32
,laosheng,xipi,liushui,x,二不是歹人（呐）把城偷。,33.5,39,42432321,二不是,33.5,34.5,歹人（呐）,35,37,把城偷。,37.5,39
,laosheng,xipi,liushui,s,杨林与我来争斗，,40.5,46,2233214,杨林,40.5,41.75,与我,42,43.5,来争斗，,44.5,46
,laosheng,xipi,liushui,x,因此上发配到登州。,47.5,53,13414411,因此上,47.5,48.5,发配,49,50.5,到登州。,51,53
,laosheng,xipi,liushui,s,舍不得太爷的恩情厚，,54.5,61.5,342425124,舍不得,54.5,56.5,太爷的,57.5,58.75,恩情厚，,59,61.5
,laosheng,xipi,liushui,x,舍不得衙役们众班头。,62.5,68,342245412,舍不得,62.5,63.5,衙役们,64,65.5,众班头。,66.5,68
,laosheng,xipi,liushui,s,实难舍街坊四邻与我的好朋友，,69,75.5,2231342335323,实难舍,69,70,街坊四邻,71,72.5,与我的好朋友，,73,75.5
,laosheng,xipi,liushui,x,舍不得老娘（呃）白了头。,76.5,82,34232232,舍不得,76.5,77.5,老娘（呃）,78,80,白了头。,80.5,82
,laosheng,xipi,liushui,s,娘生儿连心肉，,83,88,212214,娘生儿,83,85,,,,连心肉，,86.5,88
,laosheng,xipi,liushui,x,儿行千里母担忧。,89.5,95,2213311,儿行,89.5,90.5,千里,91,92.5,母担忧。,93,95
,laosheng,xipi,liushui,s,儿想娘亲难叩首，,96.5,102,2321243,儿想,96.5,97.75,娘亲,98,99,难叩首，,100.5,102
,laosheng,xipi,liushui,x,娘想儿来泪双流。,103.5,109,2322412,娘想,103.5,104.75,儿来,105,106.5,泪双流。,107,109
,laosheng,xipi,liushui,s,眼见得红日坠落在西山后，,109.5,116,34224444114,眼见得,109.5,110.5,红日,111,112.5,坠落在西山后，,113,116
,laosheng,xipi,liushui,x,叫一声解差把店役。,117.5,126,44121344,叫一声,117.5,118.5,解差,119,122.5,把店役。,123,126
lsxp-JianMaSu-ZhanMaSu.xml,laosheng,xipi,kuaiban,s,见马谡（唩）跪帐下，,10,15,434444,见马谡（唩）,10,12.5,,,,跪帐下，,13,15
,laosheng,xipi,kuaiban,x,不由老夫咬钢牙，,16.5,22,4231312,不由,16.5,17.5,老夫,18,19.5,咬钢牙，,20,22
,laosheng,xipi,kuaiban,s,大胆不听我的话，,23,29,4341354,大胆,23,24.5,不听,25,26.5,我的话，,27,29
,laosheng,xipi,kuaiban,x,失去了街亭差不差。,30,40,14312141,失去了,30,31.5,街亭,32,35,差不差。,36,40
lsxp-LiangGuoJiao-ShiJieTing-1.xml,laosheng,xipi,yuanban,s,两国交（哇）锋龙虎斗，,16,26,3211234,两国,16,18,交（哇）锋,19,20,龙虎斗，,23,26
,laosheng,xipi,yuanban,x,各为其主统貔貅，,42,54,4423321,各为,42,44,其主,45,46.5,统貔貅，,49,54
,laosheng,xipi,yuanban,s,管待三（哪）军要宽厚，,68,78,3411414,管待,68,69.5,三（哪）军,71,72,要宽厚，,75,78
,laosheng,xipi,yuanban,x,赏罚中公（呃）平莫要自由。,94,106.5,321124442,赏罚中,94,96,公（呃）平,97,98.5,莫要自由。,101,106.5
,laosheng,xipi,yuanban,s,此一番领兵去镇守，,120,129.5,34131443,此一番,120,122,领兵,123,125,去镇守，,127,129.5
,laosheng,xipi,yuanban,x,靠山近水把营收。,146,160,4143321,靠山,146,148,近水,149,150.75,把营收。,153,160
lsxp-LiangGuoJiao-ShiJieTing-2.xml,laosheng,xipi,yuanban,s,两国交锋龙虎斗，,17,28,3211234,两国,17,19,交锋,20,21,龙虎斗，,24,28
,laosheng,xipi,yuanban,x,各为其（呀）主统貔貅。,43,56,4423321,各为,43,45,其（呀）主,46,48,统貔貅。,50,56
,laosheng,xipi,yuanban,s,管带三（呐）军要宽厚，,69,80,3411414,管带,69,71,三（呐）军,72,73,要宽厚，,76,80
,laosheng,xipi,yuanban,x,赏罚中公（呃）平莫要自由。,95,108,321124442,赏罚中,95,97,公（呃）平,98,99.5,莫要自由。,102,108
,laosheng,xipi,yuanban,s,此一番领（呃）兵去镇守，,121,132,34131443,此一番,121,123,领（呃）兵,124,126,去镇守，,128,132
,laosheng,xipi,yuanban,x,靠山近水把营收。,147,162,4143321,靠山,147,149.5,近水,150,152,把营收。,154,162
lsxp-QingGongYan-FaDongWu.xml,laosheng,xipi,yuanban,s,庆功宴上把酒饮，,0,9,4144333,庆功,0,2,宴上,3,4,把酒饮，,7,9
,laosheng,xipi,yuanban,x,想起桃园结拜情。,10,22,3322242,想起,10,12,桃园,13,14,结拜情。,17,22
,laosheng,xipi,yuanban,s,弟兄们创业多艰难，,23,38,41544112,弟兄们,23,25.5,创业,26,30,多艰难，,32,38
,laosheng,xipi,yuanban,x,又谁知中途两离分。,39,54,42112321,又谁知,39,40.5,中途,42,43.5,两离分。,46,54
lsxp-ShenGongWu-LongFengChengXiang.xml,laosheng,xipi,yuanban,s,深宫无（哇）处不飞花，,16,29,1124411,深宫,16,18,无（哇）处,19,20.5,不飞花，,23,29
,laosheng,xipi,yuanban,x,年老得配女娇娃。,46,58,2324312,年老,46,48,得配,49,50.5,女娇娃。,53,58
,laosheng,xipi,yuanban,s,朝欢暮乐无牵挂，,72,87,1144214,朝欢,72,74,暮乐,75,78.5,无牵挂，,81,87
,laosheng,xipi,yuanban,x,耳听笙歌闹喧哗。,100,113,3111412,耳听,100,102,笙歌,103,104.5,闹喧哗。,107,113
lsxp-TingTaYan-ZhuoFangCao-1.xml,laosheng,xipi,manban,s,听他言吓得我心（呐）惊胆怕，,34,64,1124231134,听他言,34,38.5,吓得我,40,43.75,心（呐）惊胆怕，,48,64
,laosheng,xipi,manban,x,背转身只埋怨我自（呃）己作差，,94,120,43132434341,背转身,94,98,只埋怨,100,103,我自（呃）己作差，,107.5,120
,laosheng,xipi,manban,s,我先前只望他宽宏量（呃）大，,146,168,3123411244,我先前,146,151,只望他,152,156,宽宏量（呃）大，,160,168
,laosheng,xipi,manban,x,却原（呐）来贼是个无（哇）义（呀）的冤家！,202,224,42224424511,却原（呐）来,202,206,贼是个,208,212,无（哇）义（呀）的冤家！,216,224
,laosheng,xipi,manban,s,马行在来道内我难（呐）以回（呀）马，,226,276,32424432323,马行在,226,230,来道内,232,250,我难（呐）以回（呀）马，,251.5,276
,laosheng,xipi,manban,x,这才是花随水水不（哇）能恋（呐）花。,306,329,42412334241,这才是,306,310,花随水,312,315,水不（哇）能恋（呐）花。,320,329
,laosheng,xipi,manban,s,这时候我只得暂且忍耐在心下，,330,368,4243324334414,这时候,330,334,我只得,336,342.5,暂且忍耐在心下，,343,368
,laosheng,xipi,manban,x,既同行共（呃）大事必须要劝解于他（呀呃）。,402,426,4224444144321,既同行,402,406,共（呃）大事,408,411,必须要劝解于他（呀呃）。,413,426
lsxp-TingTaYan-ZhuoFangCao-2.xml,laosheng,xipi,sanyan,s,听他言吓得我心（呐）惊胆怕，,32,62,1124231134,听他言,32,36.5,吓得我,38,41.75,心（呐）惊胆怕，,46,62
,laosheng,xipi,sanyan,x,背转身自埋怨我自（呃）已做差。,92,118,43142434341,背转身,92,96,自埋怨,98,101,我自（呃）已做差。,105.5,118
,laosheng,xipi,sanyan,s,我先前只望他宽宏量（呃）大，,144,166,3123411244,我先前,144,149,只望他,150,154,宽宏量（呃）大，,158,166
,laosheng,xipi,sanyan,x,却愿（呐）来贼是个无（哇）义（呀）的冤家！,200,222,44224424511,却愿（呐）来,200,204,贼是个,206,210,无（哇）义（呀）的冤家！,214,222
,laosheng,xipi,sanyan,s,马行在来道内我难（呐）以回（呀）马，,224,274,32424432323,马行在,224,228,来道内,230,248,我难（呐）以回（呀）马，,249.5,274
,laosheng,xipi,sanyan,x,这才是花随水水不（哇）能恋（呐）花。,304,326,42412334241,这才是,304,308,花随水,310,313,水不（哇）能恋（呐）花。,318,326
,laosheng,xipi,sanyan,s,这时候我只得暂且忍耐在心下，,328,366,4243324334414,这时候,328,332,我只得,334,340.5,暂且忍耐在心下，,341,366
,laosheng,xipi,sanyan,x,既同行共（呃）大事必须要劝解于他（呀呃）。,400,424,4224444144321,既同行,400,404,共（呃）大事,406,409,必须要劝解于他（呀呃）。,411,424
lsxp-WeiCengKai-QiYuanBao.xml,laosheng,xipi,liushui,s,未曾开言泪汪汪，,10,16,4212411,未曾,10,11.5,开言,12.5,13.5,泪汪汪，,14,16
,laosheng,xipi,liushui,x,尊一声太爷听端详。,17.5,23,14142112,尊一声,17.5,18.5,太爷,19,20.5,听端详。,21,23
,laosheng,xipi,liushui,s,家住在南阳太平庄，,24.5,29,14422421,家住在,24.5,25.5,南阳,26,26.5,太平庄，,27.5,29
,laosheng,xipi,liushui,x,姓刘名安字世昌。,30.5,36,4221441,姓刘,30.5,31.5,名安,32,33,字世昌。,34,36
,laosheng,xipi,liushui,s,奉母命京城往，,37.5,42,434123,奉母命,37.5,39,,,,京城往，,40.5,42
,laosheng,xipi,liushui,x,贩卖绸缎转还乡。,43.5,49,4424321,贩卖,43.5,44.5,绸缎,45,46.5,转还乡。,47,49
,laosheng,xipi,liushui,s,行至在中途把雨降，,49.5,55,24412334,行至在,49.5,50.5,中途,51,52,把雨降，,53.5,55
,laosheng,xipi,liushui,x,借宿一宵起祸殃。,56.5,62,4441341,借宿,56.5,57.5,一宵,58,59.5,起祸殃。,60,62
,laosheng,xipi,liushui,s,赵大夫妻图财害命害我一命亡，,63,69,4411224443242,赵大夫妻,63,64.5,图财害命,65,66.5,害我一命亡，,67,69
,laosheng,xipi,liushui,x,望求太爷与我作主张（啊）。,69.5,80,424233431,望求,69.5,70.5,太爷,71,73.75,与我作主张（啊）。,74,80
lsxp-WoBenShi-KongChengJi-1.xml,laosheng,xipi,manban,s,我本是卧龙岗散淡（哪）的人，,32,62,3344233452,我本是,32,36,卧龙岗,38,41,散淡（哪）的人，,46,62
,laosheng,xipi,manban,x,论阴阳如反掌保定乾坤。,96,120,4122333421,论阴阳,96,100,如反掌,102,105,保定乾坤。,110,120
,laosheng,xipi,manban,s,先帝（呀）爷下南阳御（呀）驾三请，,148,192,1424224413,先帝（呀）爷,148,151,下南阳,154,172,御（呀）驾三请，,178,192
,laosheng,xipi,manban,x,算就了汉家的业鼎足（哇）三分。,224,246,44341543211,算就了,224,228,汉家的业,230,233,鼎足（哇）三分。,238,246
,laosheng,xipi,manban,s,官封到武乡侯（哇）执掌帅印，,276,312,1143122344,官封到,276,280,武乡侯（哇）,282,286,执掌帅印，,290,312
,laosheng,xipi,manban,x,东西战南北剿博古通（呃）今。,344,363,1142332311,东西战,344,348,南北剿,350,353.25,博古通（呃）今。,354,363
,laosheng,xipi,manban,s,周文王访姜尚周室大振，,392,422,1223141444,周文王,392,396,访姜尚,398,400.5,周室大振，,406,422
,laosheng,xipi,manban,x,俺诸（喏）葛怎比得前辈（呀）的先（哪）生。,456,474,31333224511,俺诸（喏）葛,456,460,怎比得,462,465,前辈（呀）的先（哪）生。,466,474
,laosheng,xipi,manban,s,闲无（哇）事在敌楼（哇）我亮（呃）一亮琴（哪）音，,476,514,224422342421,闲无（哇）事,476,480,在敌楼（哇）,482,494,我亮（呃）一亮琴（哪）音，,497.5,514
,laosheng,xipi,yuanban,x,我面前缺少个知（呃）音的人。,571,583,3421341152,我面前,571,572.5,缺少个,574,575.5,知（呃）音的人。,578,583
lsxp-WoBenShi-KongChengJi-2.xml,laosheng,xipi,sanyan,s,我本是卧龙岗散淡（呐）的人，,32,63,3344233452,我本是,32,36,卧龙岗,38,41.5,散淡（呐）的人，,46,63
,laosheng,xipi,sanyan,x,凭阴阳如反掌保定乾坤。,96,118,2122333421,凭阴阳,96,99,如反掌,102,105,保定乾坤。,110,118
,laosheng,xipi,sanyan,s,先帝（呀）爷下南阳（呃）御驾三（呃）请，,148,192,1424224413,先帝（呀）爷,148,151,下南阳（呃）,154,170,御驾三（呃）请，,178,192
,laosheng,xipi,sanyan,x,算就了汉家的业鼎足（呃）三分。,224,247,44341543211,算就了,224,228,汉家的业,230,233,鼎足（呃）三分。,238,247
,laosheng,xipi,sanyan,s,官封到武乡侯（呃）执掌帅印，,276,310,1143122344,官封到,276,280,武乡侯（呃）,282,286,执掌帅印，,290,310
,laosheng,xipi,sanyan,x,东西战南北剿博古（呃）通（哦）今。,344,367,1142332311,东西战,344,348,南北剿,350,353,博古（呃）通（哦）今。,358,367
,laosheng,xipi,sanyan,s,周文王访姜尚周室大振，,396,427,1223141444,周文王,396,400,访姜尚,402,404,周室大振，,410,427
,laosheng,xipi,sanyan,x,我诸葛怎比得前辈（呃）的先（呃）生。,460,478,31333224511,我诸葛,460,464,怎比得,466,469,前辈（呃）的先（呃）生。,470,478
,laosheng,xipi,sanyan,s,闲无（呃）事在敌楼（呃）我亮一亮琴（呢）音，,480,518,224422342421,闲无（呃）事,480,484,在敌楼（呃）,486,498,我亮一亮琴（呢）音，,501,518
,laosheng,xipi,yuanban,x,我面前却少个知（呃）音的人。,569,582,3424341152,我面前,569,570.5,却少个,572,573.75,知（呃）音的人。,576,582
lsxp-WoZhuYe-ZhuiHanXin.xml,laosheng,xipi,liushui,s,我主爷起义在芒砀，,10,17,33234424,我主爷,10,12,起义,13.5,14.75,在芒砀，,15,17
,laosheng,xipi,liushui,x,拔剑斩蛇天下扬。,18.5,24,2432142,拔剑,18.5,19.5,斩蛇,20,22,天下扬。,22.5,24
,laosheng,xipi,liushui,s,怀王也曾把旨降，,25.5,31,2232334,怀王,25.5,26.5,也曾,27,28.5,把旨降，,29.5,31
,laosheng,xipi,liushui,x,两路分（呐）兵定咸阳。,32.5,38,3411422,两路,32.5,33.5,分（呐）兵,34,35,定咸阳。,36.5,38
,laosheng,xipi,liushui,s,先进咸阳为皇上，,39.5,44,1422224,先进,39.5,40.5,咸阳,41,41.5,为皇上，,42.5,44
,laosheng,xipi,liushui,x,后进咸阳扶保在朝纲。,45.5,51,442223421,后进,45.5,46.5,咸阳,47,48,扶保在朝纲。,49,51
,laosheng,xipi,liushui,s,也是我主洪福广，,52.5,58,3433223,也是,52.5,53.5,我主,54,55.5,洪福广，,56.5,58
,laosheng,xipi,liushui,x,一路上得遇陆贾、郦生与张良。,59.5,66,244244341312,一路上,59.5,60.5,得遇陆贾、郦生,61,63.5,与张良。,64.5,66
,laosheng,xipi,liushui,s,一路上秋毫无犯军威壮，,67.5,73,2441224114,一路上,67.5,68.5,秋毫无犯,69,70.5,军威壮，,71.5,73
,laosheng,xipi,liushui,x,我也曾约法定过三章。,74.5,80,332134411,我也曾,74.5,75.5,约法,76,77.5,定过三章。,78,80
,laosheng,xipi,liushui,s,项羽不遵怀王约，,81.5,87,4341221,项羽,81.5,82.5,不遵,83,84,怀王约，,85.5,87
,laosheng,xipi,liushui,x,反将我主贬汉王。,88.5,94,3133342,反将,88.5,89.5,我主,90,91,贬汉王。,92.5,94
,laosheng,xipi,liushui,s,今日里萧何荐良将，,95.5,101,14312421,今日里,95.5,96.75,萧何,97,98,荐良将，,99.5,101
,laosheng,xipi,liushui,x,但愿得言听计从重整汉家邦、一同回故乡。,102.5,111,44221422341142241,但愿得,102.5,103.5,言听计从重整汉家邦、,104,108,一同回故乡。,109,111
,laosheng,xipi,liushui,s,撩袍端带我把金殿上，,112.5,120,221433144,撩袍端,112.5,114,带我,115,116,把金殿上，,117,120
,laosheng,xipi,yaoban,x,扬尘舞蹈见大王。,132,148,2233442,扬尘,132,133,舞蹈,134,137,见大王。,139,148
lsxp-YiShiWu-YuCangJian.xml,laosheng,xipi,yuanban,s,一事无成两鬓斑，,12,28,2422341,一事,12,14,无成,15,18,两鬓斑，,21,28
,laosheng,xipi,yuanban,x,叹光明一去不回还（呐）；,40,52,41224422,叹光明,40,42,一去,43,45,不回还（呐）；,47,52
,laosheng,xipi,yuanban,s,日月轮流催晓（哇）箭，,62,71,4422134,日月,62,63.5,轮流,65,66.5,催晓（哇）箭，,69,71
,laosheng,xipi,yuanban,x,靠山绿（哇）水常在面前。,84,96,41432442,靠山,84,86,绿（哇）水,87,89,常在面前。,91,96
,laosheng,xipi,yuanban,s,恨平王无道纲常乱，,106,116,42224124,恨平王,106,108,无道,109,110.5,纲常乱，,113,116
,laosheng,xipi,yuanban,x,信用无极狗奸谗。,128,140,4422312,信用,128,129.5,无极,131,132.5,狗奸谗。,135,140
,laosheng,xipi,yuanban,s,他害我满门（呐）真悲惨，,150,170,14332113,他害我,150,152,满门（呐）,153,158.5,真悲惨，,159,170
,laosheng,xipi,yuanban,x,我与奸贼不共戴天！,182,194,33122441,我与,182,184,奸贼,185,186.5,不共戴天！,189,194
,laosheng,xipi,yuanban,s,实指（喏）望到吴国借兵（呐）转，,204,215.5,234422413,实指（喏）望,204,206,到吴国,207,208.5,借兵（呐）转，,211,215.5
,laosheng,xipi,kuaiban,x,行至在昭关有阻拦。,216.5,222,24411332,行至在,216.5,217.5,昭关,218,219,有阻拦。,220,222
lsxp-YiZhuangZhuang-QunYingHui.xml,laosheng,xipi,kuaiban,s,一桩桩一件件倶已办就，,0,8,4112444344,一桩桩,0,2,一件件,3,5,倶已办就，,6,8
,laosheng,xipi,kuaiban,x,请先生到江边即刻登舟。,9,17,3114112411,请先生,9,11,到江边,12,14,即刻登舟。,15,17
lsxp-ZhangGongDao-ZhuangYuanPu.xml,laosheng,xipi,kuaisanyan,s,张公道三十五六（哇）子有靠，,34,60,1141234334,张公道,34,38,三十五,40,43,六（哇）子有靠，,48,60
,laosheng,xipi,kuaisanyan,x,陈伯愚年半百无有后苗。,94,120,2222432342,陈伯愚,94,98,年半百,100,103,无有后苗。,108,120
,laosheng,xipi,kuaisanyan,s,为（呀）儿（啼）女我也曾朝山拜庙，,146,172,4233321144,为（呀）儿（啼）女,146,150,我也曾,152,155.5,朝山拜庙，,160,172
,laosheng,xipi,kuaisanyan,x,为儿（喏）女我也曾补路修桥。,206,228,4233323412,为儿（喏）女,206,210,我也曾,212,215,补路修桥。,220,228
,laosheng,xipi,kuaisanyan,s,怕将（呃）来老天爷无（哇）有果报，,230,264,4123122334,怕将（呃）来,230,233.5,老天爷,236,255,无（哇）有果报，,256,264
,laosheng,xipi,kuaisanyan,x,眼睁（呐）睁有何人去（呀）把纸烧。,266,292,3113224331,眼睁（呐）睁,266,270,有何人,272,275,去（呀）把纸烧。,280,292
lsxp-ZheYiFeng-DingJunShan.xml,laosheng,xipi,liushui,s,这一封（呃）书信来得巧，,12,19,44114223,这一封（呃）,12,14.5,书信,15.5,16.5,来得巧，,17,19
,laosheng,xipi,liushui,x,天助黄忠成功劳。,20.5,26,1421212,天助,20.5,21.75,黄忠,22,23,成功劳。,24,26
,laosheng,xipi,liushui,s,站立在营门三军叫，,27.5,32,44422114,站立在,27.5,28.5,营门,29,29.5,三军叫，,30.5,32
,laosheng,xipi,liushui,x,大小儿郎听根苗，,33.5,39,4322112,大小,33.5,34.5,儿郎,35,36.5,听根苗，,37,39
,laosheng,xipi,liushui,s,头通（呃）鼓战饭造，,41,47,213444,头通（呃）鼓,41,43,,,,战饭造，,45,47
,laosheng,xipi,liushui,x,二通（呃）鼓紧战袍，,49,55,213342,二通（呃）鼓,49,51,,,,紧战袍，,53,55
,laosheng,xipi,liushui,s,三通鼓刀出鞘，,57,63,113114,三通鼓,57,59,,,,刀出鞘，,61,63
,laosheng,xipi,liushui,x,四通（呃）鼓把兵交。,65,71,413311,四通（呃）鼓,65,67,,,,把兵交。,69,71
,laosheng,xipi,liushui,s,向前各各有赏犒，,73,79,4244334,向前,73,74,各各,75,76.5,有赏犒，,77,79
,laosheng,xipi,liushui,x,退后的项上吃一刀。,81,87,44544141,退后的,81,82.5,项上,83,84.5,吃一刀。,85,87
,laosheng,xipi,liushui,s,三军与（呀）爷归营号，,89,100,1132124,三军,89,90,与（呀）爷,91,93,归营号，,95,100
,laosheng,xipi,sanban,x,到明天午时三刻要成功劳。,114,136,42132144212,到明天,114,115.5,午时三刻,116,122,要成功劳。,125,136
lsxp-ZiCongQian-ZhuLianZhai.xml,laosheng,xipi,yuanban,s,自从千岁离朝后，,0,9,4214224,自从,0,2,千岁,3,4.5,离朝后，,7,9
,laosheng,xipi,yuanban,x,满朝中文武臣泪双流。,10,22,321232412,满朝中,10,12,文武臣,13,14.5,泪双流。,17,22
,laosheng,xipi,yuanban,s,为千岁懒把朝房走，,23,42,41433223,为千岁,23,25.5,懒把,26,34,朝房走，,36,42
,laosheng,xipi,yuanban,x,为千岁懒观五凤楼。,43,54,41431342,为千岁,43,45,懒观,46,47.5,五凤楼。,50,54
,laosheng,xipi,yuanban,s,山高路远少来问候，,55,70,11433244,山高,55,57.5,路远,58,60,少来问候，,62,70
,laosheng,xipi,yuanban,x,望千岁恕学生礼貌不周。,71,84,4144213441,望千岁,71,73.5,恕学生,74,75.5,礼貌不周。,78,84
lsxp-ZiGuDao-HuangHeLou.xml,laosheng,xipi,yuanban,s,自古道吉人有天相，,0,9,43422314,自古道,0,2,吉人,3,4.5,有天相，,7,9
,laosheng,xipi,yuanban,x,主公不必加愁肠。,10,22,3124122,主公,10,12.5,不必,13,14.5,加愁肠。,17,22
,laosheng,xipi,yuanban,s,曾记得当年赴河梁，,23,32,24212422,曾记得,23,24.5,当年,26,27.5,赴河梁，,30,32
,laosheng,xipi,yuanban,x,二将军保架过长江。,33,44,41134431,二将军,33,35.5,保架,36,37.5,过长江。,40,44
,laosheng,xipi,yuanban,s,今日主公把宴上，,45,58,1431344,今日,45,47,主公,48,50,把宴上，,52,58
,laosheng,xipi,yuanban,x,四将军保架料也无妨。,59,72,411344322,四将军,59,61.5,保架,62,63.5,料也无妨。,66,72
lsxp-ZouYingLong-DaYanSong.xml,laosheng,xipi,liushui,s,忽听得万岁宣应龙，,10,15,11244142,忽听得,10,12.5,万岁,13,13.5,宣应龙，,14,15
,laosheng,xipi,liushui,x,在朝房来了我这保国忠。,15.5,19,4222334321,在朝房,15.5,16.5,来了我这,17,17.75,保国忠。,18,19
,laosheng,xipi,liushui,s,那一日打从大街进，,20,25,42432414,那一日,20,22.5,打从,23,23.5,大街进，,24,25
,laosheng,xipi,liushui,x,偶遇见小小的顽童放悲声，,26,31,34433522411,偶遇见,26,27.5,小小的顽童,28,29.75,放悲声，,30,31
,laosheng,xipi,liushui,s,我问顽童啼哭因何故，,31.75,36,342221124,我问顽童,31.75,33,啼哭,34,34.75,因何故，,35,36
,laosheng,xipi,liushui,x,他言道严嵩老贼害他的举家一满门。,37,47.5,124213241531432,他言道,37,38.5,严嵩老贼害他的举家,39,42.5,一满门。,43,47.5
,laosheng,xipi,liushui,s,我劝顽童你休流泪，免悲声，邹老爷就是尔的报仇人。,47.75,59,342231243111324435422,我劝顽童,47.75,49,你休流泪，免悲声，邹老爷就是,49.75,55.75,尔的报仇人。,56,59
,laosheng,xipi,liushui,x,站立在殿角用目来观定，,60.5,66,4444344214,站立在,60.5,61.5,殿角,62,63,用目来观定，,64,66
,laosheng,xipi,liushui,s,上面坐的是有道君，,67,70,44454341,上面,67,67.5,坐的是,68,68.75,有道君，,69,70
,laosheng,xipi,liushui,x,那一旁坐的就是严阁老，,70.5,76,4424544223,那一旁,70.5,71.5,坐的就是,72,74,严阁老，,74.5,76
,laosheng,xipi,liushui,s,他本是我朝中上欺天子下压臣谋朝篡位卖国的奸贼他名叫严嵩，,77,90,134321411341222444251212421,他本是,77,78,我朝中上欺天子下压臣谋朝篡位卖国的奸贼他,79,88.75,名叫严嵩，,89,90
,laosheng,xipi,liushui,x,我本当金（哪）殿奏一本怎奈我官卑职小不能够参大臣。,90.5,103,331144433431123424142,我本当,90.5,91.5,金（哪）殿奏一本怎奈我官卑职小不能够,92,101.75,参大臣。,102,103
,laosheng,xipi,liushui,s,罢、罢、罢，暂且忍却我的心头恨，,104,110,444433435124,罢、罢、罢，,104,106,暂且忍,107,108,却我的心头恨，,108.25,110
,laosheng,xipi,liushui,x,在品级台（呀）前臣见君。,110.5,124,43222241,在品级,110.5,111.5,台（呀）前,112,114,臣见君。,117,124
lsxp-ZuoRiLi-YuanMenZhanZi.xml,laosheng,xipi,kuaiban,s,昨日里斩八将头挂营外，,7,15,2433142424,昨日里,7,9,斩八将,10,12,头挂营外，,13,15
,laosheng,xipi,kuaiban,x,老娘亲为什么不讲情来？,16,24,3214254322,老娘亲,16,18,为什么,19.5,21,不讲情来？,22,24
,laosheng,xipi,kuaiban,s,今日里斩宗保娘把儿怪，,25,33,1433132324,今日里,25,27,斩宗保,28.5,30,娘把儿怪，,31,33
,laosheng,xipi,kuaiban,x,哭啼啼坐宝帐所为何来。,34,42,1224343422,哭啼啼,34,36,坐宝帐,37,39,所为何来。,40,42
,laosheng,xipi,yaoban,s,叫焦赞将宝剑悬挂帐外，,45,77,4141342444,叫焦赞,45,48,将宝剑,60,62,悬挂帐外，,68,77
,laosheng,xipi,yaoban,x,老娘亲再讲情儿自刎头来。,89,105,32143224322,老娘亲,89,91,再讲情儿,92,97,自刎头来。,98,105
sdeh-WenSanNiang-SanNiangJiaoZi.xml,,,,,Part 1,,,,Part 1,,,,,,,,
,laosheng,erhuang,yuanban,x,问三娘发雷霆却是为何？,17,28,4121224442,问三娘,17,21,发雷霆,21.5,22.5,却是为何？,23,28
,,,,,Part 2,,,,Part 2,,,,,,,,
,dan,erhuang,yuanban,s1,老薛保你不必苦哀告，,37,57.5,313324314,老薛保,37,39,你不必,41,45,苦哀告，,53,57.5
,dan,erhuang,yuanban,x,背转身来哭嚎啕。,59,65.5,4312122,背转,59,59.5,身来,60,60.5,哭嚎啕。,61,65.5
,dan,erhuang,yuanban,s2,实指望教训他终身有靠，,67,75.5,2344411134,实指望,67,68.5,教训他,69.5,70.5,终身有靠，,71,75.5
,dan,erhuang,yuanban,x,又谁知平白的闪跌一跤。,77,91,4212253141,又谁知,77,78.5,平白的,79.5,80.5,闪跌一跤。,81,91
sdxp-DangNianHan-SanJiZhang.xml,,,,,Part 1,,,,Part 1,,,,,,,,
,laosheng,xipi,kuaiban,s,登台拜帅是韩信，,37,43,1244424,登台,37,38,拜帅,39.5,40.5,是韩信，,41,43
,laosheng,xipi,kuaiban,x,未央宫斩的是何人？,44,51,41135422,未央宫,44,46,斩的,47.5,48.5,是何人？,49,51
,laosheng,xipi,kuaiban,s,小奴才真个不孝顺，,68,76,32214244,小奴才,68,70,真个,71.5,72.5,不孝顺，,73,76
,laosheng,xipi,kuaiban,x,仙女嫁的又是何人？,76.5,84,13454422,仙女,76.5,77.5,嫁的,78,81.5,又是何人？,82,84
,laosheng,xipi,kuaiban,s,我的儿说话言不逊，,100,107,35214224,我的儿,100,102.5,说话,103.5,104.5,言不逊，,105,107
,laosheng,xipi,kuaiban,x,句句话儿伤父心。,108.5,116,4442141,句句,108.5,109.5,话儿,110,113.5,伤父心。,114,116
,laosheng,xipi,kuaiban,s,要退、要退、偏要退！,132,138.5,4444144,要退、,132,133.5,要退、,134,135.5,偏要退！,136,138.5
,,,,,Part 2,,,,Part 2,,,,,,,,
,dan,xipi,kuaiban,s,当年韩信与苏秦，,0,6.5,1224312,当年,0,1,韩信,2.5,3.5,与苏秦，,4,6.5
,dan,xipi,kuaiban,x,都是安邦定国臣，,7,11.5,1411422,都是,7,7.75,安邦,8,9,定国臣，,9.5,11.5
,dan,xipi,kuaiban,s,淮阴漂母救韩信，,12.5,18.75,2113424,淮阴,12.5,13.5,漂母,14,15.5,救韩信，,16,18.75
,dan,xipi,kuaiban,x,登台拜帅天下闻。,19,23,1244142,登台,19,19.5,拜帅,20,21,天下闻。,21.5,23
,dan,xipi,kuaiban,s,商鞅不中苏季子，,24,27,1124143,商鞅,24,24.5,不中,25,25.5,苏季子，,26,27
,dan,xipi,kuaiban,x,在六国封相人上人。,27.5,36,44214242,在六国,27.5,29.5,封相,30,33.5,人上人。,34,36
,dan,xipi,kuaiban,s,未央宫斩的是韩信，,52,59,41135424,未央宫,52,55,斩的,55.5,56.5,是韩信，,57,59
,dan,xipi,kuaiban,x,难道说文官他就不丧身？,59.5,67,2412114241,难道说,59.5,60.5,文官,61,63,他就不丧身？,64,67
,dan,xipi,kuaiban,s,仙女配的是董永，,85,91,1345433,仙女,85,86,配的,87.5,88.5,是董永，,89,91
,dan,xipi,kuaiban,x,大孝之人也受贫。,91.5,99,4412342,大孝,91.5,92.5,之人,93,96.5,也受贫。,97,99
,dan,xipi,kuaiban,s,非是女儿言不逊，,117,123,1432244,非是,117,119,女儿,119.5,120.5,言不逊，,121,123
,dan,xipi,kuaiban,x,爹爹为何你要退婚？,123.5,131,11423441,爹爹,123.5,124.5,为何,125,127.5,你要退婚？,128,131
,dan,xipi,kuaiban,x,不能、不能、是万不能！,139.5,148,42424442,不能、,139.5,140.5,不能、,141,144,是万不能！,144.5,148
sdxp-SuLongWei-WuJiaPo.xml,,,,,Part 1,,,,Part 1,,,,,,,,
,laosheng,xipi,kuaiban,s,苏龙魏虎为媒证，,10,16,1243424,苏龙,10,11.5,魏虎,12,13,为媒证，,14,16
,laosheng,xipi,kuaiban,x,王丞相是我的主婚人（哪）。,17.5,25,224435312,王丞相,17.5,19,是我的,20.5,21.5,主婚人（哪）。,22,25
,laosheng,xipi,kuaiban,s,他三人与我有仇恨，,50,57,11233324,他三人,50,52,与我,53.5,54,有仇恨，,55,57
,laosheng,xipi,kuaiban,x,咬定牙关他就不认承。,58.5,66,342114242,咬定,58.5,59.5,牙关,60,62,他就不认承。,63,66
,laosheng,xipi,kuaiban,s,西凉川四十单八站，,92,99,12142114,西凉川,92,94,四十,95.5,96.5,单八站，,97,99
,laosheng,xipi,kuaiban,x,为军的要人我是不要钱。,100.5,108,2154234242,为军的,100.5,101.5,要人,102,104,我是不要钱。,105,108
,laosheng,xipi,kuaiban,s,大嫂说话礼不端，,145,151,4314341,大嫂,145,147,说话,147.5,148.5,礼不端，,149,151
,laosheng,xipi,kuaiban,x,为军哪怕到官前。,152.5,158,2134412,为军,152.5,153.5,哪怕,154.5,155.5,到官前。,156,158
,laosheng,xipi,kuaiban,s,衙里衙外我打点，,159.5,165,2324333,衙里,159.5,160.5,衙外,161,162,我打点，,163.5,165
,laosheng,xipi,kuaiban,x,管保大嫂就断与咱。,166.5,174,33434432,管保,166.5,167.5,大嫂,168,170.5,就断与咱。,171.5,174
,laosheng,xipi,kuaiban,s,好一个贞节王宝钏，,202,209,32412231,好一个,202,204,贞节,205.5,206.5,王宝钏，,207,209
,laosheng,xipi,kuaiban,x,百般调戏也枉然。,209.5,215,3144332,百般,209.5,210.5,调戏,211,212,也枉然。,213,215
,laosheng,xipi,kuaiban,s,腰中取出银一锭，,216.5,222,1131224,腰中,216.5,217.5,取出,218,219,银一锭，,220.5,222
,laosheng,xipi,kuaiban,x,将银放在地平川。,223.5,229,1244421,将银,223.5,224.5,放在,225,226.75,地平川。,227,229
,laosheng,xipi,kuaiban,s,这锭银、三两三，,230,235,442131,这锭银、,230,232,,,,三两三，,233.5,235
,laosheng,xipi,kuaiban,x,送与大嫂把家安。,236.5,242,4343311,送与,236.5,237,大嫂,238,239,把家安。,240,242
,laosheng,xipi,kuaiban,s,买绫罗与绸缎、打首饰和簪环，,242.5,248,322324334212,买绫罗,242.5,243.5,与绸缎、打首饰,244,246.5,和簪环，,247,248
,laosheng,xipi,kuaiban,x,我与你露水的夫妻就过几年（呐）。,249.5,260,333435114432,我与你,249.5,250.5,露水的夫妻,251,256,就过几年（呐）。,256.5,260
,laosheng,xipi,kuaiban,s,是烈女就该在家院，,300,307,44341414,是烈女,300,303,就该,303.5,304.5,在家院，,305,307
,laosheng,xipi,kuaiban,x,为何来在大道边。,308.5,314,4224441,为何,308.5,309.5,来在,310,311,大道边。,312,314
,laosheng,xipi,kuaiban,s,为军起下不良的意（呀），,315,334,21344254,为军,315,316,起下,317,319,不良的意（呀），,324,334
,laosheng,xipi,yaoban,x,一马双跨到西凉。,344,350,4314412,一马,344,345,双跨,346,347,到西凉。,348,350
,,,,,Part 2,,,,Part 2,,,,,,,,
,dan,xipi,kuaiban,s,提起了旁人我不晓，,26,32.5,23322343,提起了,26,28,旁人,28.5,29,我不晓，,30,32.5
,dan,xipi,kuaiban,x,苏龙魏虎是内亲。,33,37,1243441,苏龙,33,33.75,魏虎,34,35,是内亲。,35.5,37
,dan,xipi,kuaiban,s,你我同把相府进，,38,41,3323434,你我,38,38.5,同把,39,39.5,相府进，,40,41
,dan,xipi,kuaiban,x,三人对面（就）说分明。,41.5,49,1244112,三人,41.5,42.5,对面,43,45,（就）说分明。,46.5,49
,dan,xipi,kuaiban,s,我父在朝为官宦，,67,73.5,3442214,我父,67,68,在朝,69.5,70.5,为官宦，,71,73.5
,dan,xipi,kuaiban,x,府内金银堆如山。,74,78,3412121,府内,74,74.75,金银,75,76,堆如山。,76.5,78
,dan,xipi,kuaiban,s,本利算来有多少，,79,83,3442313,本利,79,79.5,算来,80,80.5,有多少，,81,83
,dan,xipi,kuaiban,x,命人送到（那）西凉川。,83.5,91,4244121,命人,83.5,84.5,送到,85,87,（那）西凉川。,88,91
,dan,xipi,kuaiban,s,我进相府对父言，,109,115.5,3443442,我进,109,110,相府,111.5,112.5,对父言，,113,115.5
,dan,xipi,kuaiban,x,家人小厮有万千。,116,120,1231341,家人,116,116.75,小厮,117,117.5,有万千。,118.5,120
,dan,xipi,kuaiban,s,将你带到官衙内，,121.5,126,1344124,将你,121.5,122.5,带到,123,124,官衙内，,124.5,126
,dan,xipi,kuaiban,x,打板子、上夹棍、丢南牢、坐监禁、管叫你思前容易退后难。,127,144,3354141224143431224442,打板子、,127,128,上夹棍、丢南牢、坐监禁、管叫你思前容易,129,140,退后难。,142,144
,dan,xipi,kuaiban,s,军爷说话理不端，,175,181.5,1214341,军爷,175,176,说话,177.5,178.5,理不端，,179,181.5
,dan,xipi,kuaiban,x,欺奴犹如欺了天。,182,186,1222131,欺奴,182,182.5,犹如,183,183.5,欺了天。,184.5,186
,dan,xipi,kuaiban,s,西凉的鞑子将你斩，,187.5,193,12525133,西凉的,187.5,188.5,鞑子,189,190.5,将你斩，,191,193
,dan,xipi,kuaiban,x,妻儿老小与奴一般。,193.5,201,12333241,妻儿,193.5,194.5,老小,195,197,与奴一般。,198,201
,dan,xipi,kuaiban,s,这锭银子奴不要，,261,267.5,4425224,这锭,261,262,银子,263.5,264.5,奴不要，,265,267.5
,dan,xipi,kuaiban,x,与你娘做一个安家钱。,268,275,332424112,与你娘,268,270,做一个,271.5,272.5,安家钱。,273,275
,dan,xipi,kuaiban,s,买绫罗、做衣衫、买白纸、糊白幡、打首饰、做妆奁，,276,288.5,322411323221334412,买绫罗、,276,277,做衣衫、买白纸、糊白幡、打首饰、,278,285,做妆奁，,286,288.5
,dan,xipi,kuaiban,x,落得个孝子的名儿在那天下传。,289.5,299,4244352544142,落得个,289.5,290.5,孝子的名儿,291,295,在那天下传。,296,299
sdxp-WoHeNi-SiLangTanMu.xml,,,,,Part 1,,,,Part 1,,,,,,,,
,laosheng,xipi,kuaiban,s,我和你好夫妻恩德不浅，,10,18,3233111243,我和你,10,12,好夫妻,13.5,15,恩德不浅，,16,18
,laosheng,xipi,kuaiban,x,贤公主又何必过于谦言。,19.5,27,2134244212,贤公主,19.5,21,又何必,22.5,24,过于谦言。,25,27
,laosheng,xipi,kuaiban,s,杨廷辉有一日愁眉得展，,28,36,2213242223,杨廷辉,28,30,有一日,31.5,33,愁眉得展，,34,36
,laosheng,xipi,kuaiban,x,誓不忘贤公主恩重如山。,37,45,4242131421,誓不忘,37,39,贤公主,40,42.5,恩重如山。,43,45
,laosheng,xipi,kuaiban,s,非是我这几日愁眉不展，,86,94,1434342243,非是我,86,88,这几日,89.5,91,愁眉不展，,92,94
,laosheng,xipi,kuaiban,x,有一桩心腹事不敢明言。,95.5,103,3411444322,有一桩,95.5,97,心腹事,98.5,100.5,不敢明言。,101,103
,laosheng,xipi,kuaiban,s,萧天佐摆天门两国交战，,104,112,1133123214,萧天佐,104,106,摆天门,107.5,109,两国交战，,110,112
,laosheng,xipi,kuaiban,x,我的娘押粮草来到北番。,113,121,3521232431,我的娘,113,115,押粮草,116.5,118.5,来到北番。,119,121
,laosheng,xipi,kuaiban,s,我有心回宋营见母一面，,122,130,3312424324,我有心,122,124,回宋营,125.5,127,见母一面，,128,130
,laosheng,xipi,kuaiban,x,怎奈我身在番难以过关。,131,139,3431412341,怎奈我,131,133,身在番,134,136.5,难以过关。,137,139
,laosheng,xipi,kuaiban,s,公主虽然不阻拦，,159,165,1312432,公主,159,160.5,虽然,161,162,不阻拦，,163,165
,laosheng,xipi,kuaiban,x,无有令箭怎过关。,166,174,2344341,无有,166,167.5,令箭,168,171,怎过关。,172,174
,laosheng,xipi,kuaiban,s,公主赠我的金鈚箭，,191,197,13435114,公主,191,192,赠我的,193,194.5,金鈚箭，,195,197
,laosheng,xipi,kuaiban,x,见母一面即刻还。,198,206,4324242,见母,198,199.5,一面,200,203,即刻还。,204,206
,laosheng,xipi,kuaiban,s,宋营（哪）虽然路途远，,222,228,4212423,宋营（哪）,222,223.5,虽然,224.5,225.5,路途远，,226,228
,laosheng,xipi,kuaiban,x,快马加鞭我一夜还。,229,237,43113242,快马,229,230.5,加鞭,231,234,我一夜还。,234.5,237
,laosheng,xipi,kuaiban,s,公主叫我盟誓愿，,264,270,1343244,公主,264,265,叫我,266.5,267.5,盟誓愿，,268,270
,laosheng,xipi,kuaiban,x,将身跪在地平川。,271.5,277,1144421,将身,271.5,272.5,跪在,273,274.5,地平川。,275,277
,laosheng,xipi,kuaiban,s,我若探母不回转，,278,290,3443423,我若,278,279,探母,280,282.5,不回转，,287,290
,laosheng,xipi,yaoban,x,黄沙盖脸尸骨不全。,302,312,21431242,黄沙,302,303,盖脸,304,305,尸骨不全。,307,312
,,,,,Part 2,,,,Part 2,,,,,,,,
,dan,xipi,kuaiban,s,讲什么夫妻情恩德不浅，,46,54,3251121243,讲什么,46,48,夫妻情,49.5,51.5,恩德不浅，,52,54
,dan,xipi,kuaiban,x,咱与你隔南北千里姻缘。,55.5,63,2332231312,咱与你,55.5,57,隔南北,58.5,60.5,千里姻缘。,61,63
,dan,xipi,kuaiban,s,因何故终日里愁眉不展，,64,72,1241432243,因何故,64,66,终日里,67.5,69,愁眉不展，,70,72
,dan,xipi,kuaiban,x,有什么心腹事你只管明言。,73,85,32514433322,有什么,73,78.5,心腹事,79,81,你只管明言。,82,85
,dan,xipi,kuaiban,s,你那里休得要巧言舌辨，,140,148,3431243224,你那里,140,142,休得要,143,145,巧言舌辨，,146,148
,dan,xipi,kuaiban,x,你要见高堂母我不阻拦。,149,158,3441233432,你要见,149,151,高堂母,152,154,我不阻拦。,156,158
,dan,xipi,kuaiban,s,有心赠你金鈚箭，,175,181,3143114,有心,175,176,赠你,177,178,金鈚箭，,179,181
,dan,xipi,kuaiban,x,怕你一去就不回还。,182,190,43244422,怕你,182,183,一去,184,186,就不回还。,187,190
,dan,xipi,kuaiban,s,宋营离此路途远，,207,213,4223423,宋营,207,208,离此,209.5,210.5,路途远，,211,213
,dan,xipi,kuaiban,x,一夜之间你怎能回还。,213.5,221,241133222,一夜,213.5,214.5,之间,215,217,你怎能回还。,218,221
,dan,xipi,kuaiban,s,适才叫咱盟誓愿，,238,244,4242244,适才,238,239,叫咱,240,241,盟誓愿，,242,244
,dan,xipi,kuaiban,x,你也对苍天就表一番。,245,252,334114341,你也对,245,246,苍天,247,249,就表一番。,249.5,252
