daeh-CanQiQi-WuLongZuo.xml,dan,erhuang,manban,s1,惨凄凄唤苍天天不应响，,12,65,3114111243,惨凄凄,唤苍天,天不应响，
,dan,erhuang,manban,x,叹红颜多薄命父母双亡。,84,121,4221244312,叹红颜,多薄命,父母双亡。
,dan,erhuang,manban,s1,千金休哪曾受磨房景况，,136,201,1113244234,千金休,哪曾受,磨房景况，
,dan,erhuang,manban,x,担几肩头晕转体若筛糠。,236,261,1312133411,担几肩,头晕转,体若筛糠。
daeh-LiYanFei-DaBaoGuo.xml,dan,erhuang,manban,s1,李艳妃设早朝龙书案下，,0,41,3414322144,李艳妃,设早朝,龙书案下，
,dan,erhuang,manban,x,文站东武列西朝贺哀家。,42,74,2413412411,文站东,武列西,朝贺哀家。
,dan,erhuang,manban,s1,太师爷奏一本进贡年下，,75,100,4124434424,太师爷,奏一本,进贡年下，
,dan,erhuang,manban,x,各国的众王侯朝贺中华。,104,122,4254222412,各国的,众王侯,朝贺中华。
,dan,erhuang,manban,s2,将江山让太师权且代贺，,124,140,1114412344,将江山,让太师,权且代贺，
,dan,erhuang,manban,x,候幼主成了龙原业归家。,144,161.75,4432322411,候幼主,成了龙,原业归家。
,dan,erhuang,manban,s2,写文约我且把玉玺打下，,164,196,3213334334,写文约,我且把,玉玺打下，
,dan,erhuang,manban,x,宣太师上金殿披红插花。,197,237,1414141211,宣太师,上金殿,披红插花。
,dan,erhuang,manban,s1,赐你的上方剑朝房问话，,238,263,4354142244,赐你的,上方剑,朝房问话，
,dan,erhuang,manban,x,压定了文武臣均要画押。,267,292.5,1432321441,压定了,文武臣,均要画押。
daeh-LiYanFei-ErJinGong.xml,dan,erhuang,zhongsanyan,s1,李艳妃坐昭阳自思自想，,15,52,3414124143,李艳妃,坐昭阳,自思自想，
,dan,erhuang,zhongsanyan,x,想起了朝中事好不惨伤！,55,87.5,3332143431,想起了,朝中事,好不惨伤！
,dan,erhuang,zhongsanyan,s1,耳边厢又听得朝靴响亮，,103,140,3114122134,耳边厢,又听得,朝靴响亮，
,dan,erhuang,zhongsanyan,x,想必是徐杨将进了昭阳。,143,160,3442244312,想必是,徐杨将,进了昭阳。
,dan,erhuang,zhongsanyan,s2,有几句话儿我不好言讲，,163,180,3344534323,有几句,话儿我,不好言讲，
,dan,erhuang,zhongsanyan,x,我只得怀抱太子两泪汪汪口口声声哭的是先王。,183,227.5,33224453411331115412,我只得,怀抱太子两泪汪汪口口声声,哭的是先王。
daeh-NaRiFeng-YuanXiaoMi.xml,dan,erhuang,yuanban,s1,那日风波平地起，,17,41.5,4411243,那日,风波,平地起，
,dan,erhuang,yuanban,x,死里逃生甚惨凄。,43,51.5,3321431,死里,逃生,甚惨凄。
,dan,erhuang,yuanban,s2,舅父前来出主意，,53,59.5,4422134,舅父,前来,出主意，
,dan,erhuang,yuanban,x,我与母亲两分离。,61,81,3331312,我与,母亲,两分离。
,dan,erhuang,yuanban,s1,母女隔断三千里，,91,115.5,3324113,母女,隔断,三千里，
,dan,erhuang,yuanban,x,那厢流泪这厢啼。,117,125.5,4124412,那厢,流泪,这厢啼。
,dan,erhuang,yuanban,s2,我今绝少人生趣，,127,145.5,3123214,我今,绝少,人生趣，
,dan,erhuang,yuanban,x,不如早死命归西。,165,183,4233411,不如,早死,命归西。
daeh-NuZiYou-TouJunBieYao.xml,dan,erhuang,manban,s1,奴自幼在闺阁娇生惯养，,0,41,2444121143,奴自幼,在闺阁,娇生惯养，
,dan,erhuang,manban,x,为薛郎我父女断绝情长。,42,78,2123434223,为薛郎,我父女,断绝情长。
,dan,erhuang,manban,s1,但愿得去投军功名有望，,79,120,4424211234,但愿得,去投军,功名有望，
,dan,erhuang,manban,x,也不枉我二人苦度时光。,121,149,3433423421,也不枉,我二人,苦度时光。
daeh-SunShangXiang-BieHuangGong.xml,dan,erhuang,manban,s1,孙尚香坐宫院自思自叹，,0,41,1414144144,孙尚香,坐宫院,自思自叹，
,dan,erhuang,manban,x,想起了已往事心内痛酸。,42,78,3333341441,想起了,已往事,心内痛酸。
,dan,erhuang,manban,s1,遭不幸父王爷把驾来晏，,79,124,1244223424,遭不幸,父王爷,把驾来晏，
,dan,erhuang,manban,x,留下了孙仲谋执掌江南。,125,146.5,2451422312,留下了,孙仲谋,执掌江南。
,dan,erhuang,manban,s2,与周郎定巧计把皇叔来骗，,149,165,31243432124,与周郎,定巧计把,皇叔来骗，
,dan,erhuang,manban,x,又谁知弄假成真反配凤鸾。,169,186.5,42143213442,又谁知,弄假成真,反配凤鸾。
,dan,erhuang,manban,s2,回荆州未三载诓我回转，,189,205,2114131323,回荆州,未三载,诓我回转，
,dan,erhuang,manban,x,阿斗儿行中途被子龙追还。,209,226.5,14521243212,阿斗儿,行中途被,子龙追还。
,dan,erhuang,manban,s2,恨只恨我兄长把事错办，,229,245,4343133444,恨只恨,我兄长,把事错办，
,dan,erhuang,manban,x,叹一声不由人珠泪涟涟。,249,273,4414221422,叹一声,不由人,珠泪涟涟。
daeh-TanHongYan-HuoXiaoYu.xml,dan,erhuang,manban,s1,叹红颜薄命前生就，,32,75.75,42224214,叹红颜,薄命,前生就，
,dan,erhuang,manban,x,美满姻缘付东流。,76,105,3312412,美满,姻缘,付东流。
,dan,erhuang,manban,s1,薄幸冤家音信无有，,124,164,24111423,薄幸,冤家,音信无有，
,dan,erhuang,manban,x,啼花泣月在暗里（呀）添愁。,168,182.5,214444312,啼花,泣月在,暗里（呀）添愁。
,dan,erhuang,manban,s2,枕边泪（呀）共（那）阶前雨，,184,221,3144123,枕边泪（呀）,共（那）,阶前雨，
,dan,erhuang,manban,x,隔着窗儿点滴不休。,236,260,25153141,隔着,窗儿,点滴不休。
daeh-WangChunE-SanNiangJiaoZi.xml,dan,erhuang,manban,s1,王春娥坐草堂自思自叹，,36,92,2124324144,王春娥,坐草堂,自思自叹，
,dan,erhuang,manban,x,想起了我老爷好不惨然。,112,149,3333323432,想起了,我老爷,好不惨然。
,dan,erhuang,manban,s1,春娥女好一此失群孤雁，,164,201,1233231214,春娥女,好一此,失群孤雁，
,dan,erhuang,manban,x,老薛保好一似浪里舟船。,204,221.5,3133244312,老薛保,好一似,浪里舟船。
,dan,erhuang,manban,s2,薛倚儿他好比无弓之箭，,224,240,1351332114,薛倚儿,他好比,无弓之箭，
,dan,erhuang,manban,x,每日里在书房苦读圣贤。,244,261.5,3434123242,每日里,在书房,苦读圣贤。
,dan,erhuang,manban,s2,将身儿来至在机房织绢，,264,296,1152441214,将身儿,来至在,机房织绢，
,dan,erhuang,manban,x,等候了薛倚儿转回家园。,332,355,3431323212,等候了,薛倚儿,转回家园。
daeh-WuDuanQiao-BiYuZan.xml,dan,erhuang,manban,s1,无端巧计将人陷，,36,93,2134124,无端,巧计,将人陷，
,dan,erhuang,manban,x,薄命自伤怨红颜。,112,149,2441422,薄命,自伤,怨红颜。
,dan,erhuang,manban,s1,独处闺房愁无限，,164,204.5,2312224,独处,闺房,愁无限，
,dan,erhuang,manban,x,落得孤身病恹恹。,208,224.5,4211411,落得,孤身,病恹恹。
,dan,erhuang,manban,s2,今生若被郎轻贱，,228,244.5,1144214,今生,若被,郎轻贱，
,dan,erhuang,manban,x,满腹冤屈向谁言。,248,263.5,3411422,满腹,冤屈,向谁言。
,dan,erhuang,manban,s2,一心早想寻短见，,264,297,4133234,一心,早想,寻短见，
,dan,erhuang,manban,x,又怕丑名误流传。,332,356,4432422,又怕,丑名,误流传。
daeh-XiaoNuCai-SanNiangJiaoZi.xml,dan,erhuang,yuanban,s1,小奴才他一言问住我，,0,13,322142443,小奴才,他一言,问住我，
,dan,erhuang,yuanban,x,闭口无言王春娥。,15,21,4322212,闭口,无言,王春娥。
,dan,erhuang,yuanban,s2,哭一声亡故夫在阴曹等我，,23,31,14124141233,哭一声,亡故夫在,阴曹等我，
,dan,erhuang,yuanban,x,等候了你妻子同见阎罗。,33,41,3433132422,等候了,你妻子,同见阎罗。
,dan,erhuang,yuanban,s2,怒气不息在机房闷坐，,43,55,444141244,怒气,不息在,机房闷坐，
,dan,erhuang,yuanban,x,叹一声不由人珠泪如梭。,56,74,4414221421,叹一声,不由人,珠泪如梭。
daeh-ZaoBuXing-HeHouMaDian.xml,dan,erhuang,kuaisanyan,s1,遭不幸老王爷晏了御驾，,10,51,1243224344,遭不幸,老王爷,晏了御驾，
,dan,erhuang,kuaisanyan,x,贼昏王篡了位谋乱邦家。,54,71,2124342411,贼昏王,篡了位,谋乱邦家。
,dan,erhuang,kuaisanyan,s2,把一个皇太子逼死殿下，,74,91,3242451344,把一个,皇太子,逼死殿下，
,dan,erhuang,kuaisanyan,x,反倒说为嫂我拦阻有差，,94,111,3314332331,反倒说,为嫂我,拦阻有差，
,dan,erhuang,kuaisanyan,s2,贼好比王莽贼称孤道寡，,114,131,2332321143,贼好比,王莽贼,称孤道寡，
,dan,erhuang,kuaisanyan,x,贼好比曹阿瞒半点不差，,134,151,2332124341,贼好比,曹阿瞒,半点不差，
,dan,erhuang,kuaisanyan,s2,贼好比秦赵高指鹿为马，,154,173.5,2332413423,贼好比,秦赵高,指鹿为马，
,dan,erhuang,kuaisanyan,x,贼好比那司马师搅乱中华。,174,191,23341313412,贼好比,那司马师,搅乱中华。
,dan,erhuang,kuaisanyan,s2,只骂得贼昏王装聋作哑，,194,211,3422121243,只骂得,贼昏王,装聋作哑，
,dan,erhuang,kuaisanyan,x,只骂得贼昏王扭转身驱、闭目合晴、羞羞惭惭一语不发，,214,256,3422123311442111224341,只骂得,贼昏王扭转身驱、闭目合晴、羞羞惭惭,一语不发，
,dan,erhuang,kuaisanyan,s2,只骂得贼昏王无言对答。,258,275,3422122242,只骂得,贼昏王,无言对答。
,dan,erhuang,kuaisanyan,x,两旁的文武臣珠泪如麻，,278,295,3252321422,两旁的,文武臣,珠泪如麻，
,dan,erhuang,kuaisanyan,s2,搬一把金交椅娘且坐下，,298,315,1431132344,搬一把,金交椅,娘且坐下，
,dan,erhuang,kuaisanyan,x,你叔王不让位再去骂他。,318,360,3122444441,你叔王,不让位,再去骂他。
daeh-ZiNaRi-ErJinGong.xml,dan,erhuang,manban,s1,自那日与徐杨决裂以后，,40,96,4443222434,自那日,与徐杨,决裂以后，
,dan,erhuang,manban,x,独坐在寒宫院闷闷悠悠。,116,152,2442144411,独坐在,寒宫院,闷闷悠悠。
,dan,erhuang,manban,s1,先王爷晏驾后太子年幼，,168,208.5,1224444524,先王爷,晏驾后,太子年幼，
,dan,erhuang,manban,x,太师爷一心心想篡龙楼。,212,228.25,4124113422,太师爷,一心心,想篡龙楼。
,dan,erhuang,manban,s2,他那里父女情全然无有，,232,248.5,1434322223,他那里,父女情,全然无有，
,dan,erhuang,manban,x,竟把我孤儿寡母当做了马牛。,252,271.5,433123314332,竟把我,孤儿寡母,当做了马牛。
,dan,erhuang,manban,s2,徐小姐把守在宫门口，,272,316,233334123,徐小姐,把守在,宫门口，
,dan,erhuang,manban,x,看一看不觉到八月中秋。,352,384,4244241411,看一看,不觉到,八月中秋。
,dan,erhuang,manban,s1,李艳妃坐昭阳自思自想，,402,438,3414124143,李艳妃,坐昭阳,自思自想，
,dan,erhuang,manban,x,想起了老王爷好不惨伤。,442,470,3333223431,想起了,老王爷,好不惨伤。
,dan,erhuang,manban,s1,耳边厢又听得朝靴响亮，,486,522.5,3114122134,耳边厢,又听得,朝靴响亮，
,dan,erhuang,manban,x,想必是徐杨进了昭阳。,526,544,344224312,想必是,徐杨,进了昭阳。
,dan,erhuang,manban,s2,有一句话儿不好言讲，,546,562.5,324454323,有一句,话儿,不好言讲，
,dan,erhuang,manban,x,我只得怀抱太子两泪汪汪口口声声哭的是先王！,566,610,33224453411331115412,我只得,怀抱太子两泪汪汪口口声声,哭的是先王！
daeh-ZiNaRi-ZhuangYuanMei-1.xml,dan,erhuang,yuanban,s1,自那日与六郎姻缘相见，,17,35.25,4443421214,自那日,与六郎,姻缘相见，
,dan,erhuang,yuanban,x,行不安坐不宁情态缠绵。,37,45.25,2414422422,行不安,坐不宁,情态缠绵。
,dan,erhuang,yuanban,s2,在潼台被贼擒在命好险，,47,55.25,4224224433,在潼台,被贼擒,在命好险，
,dan,erhuang,yuanban,x,乱军中多亏他救我回还。,57,79,4111114322,乱军中,多亏他,救我回还。
,dan,erhuang,yuanban,s1,这桩事闷得我柔肠百转，,87,119.5,4144232233,这桩事,闷得我,柔肠百转，
,dan,erhuang,yuanban,x,不知道他与我是否一般。,121,129.25,4141334341,不知道,他与我,是否一般。
,dan,erhuang,yuanban,s2,百姓们闺房乐如花美眷，,131,139.25,3451242134,百姓们,闺房乐,如花美眷，
,dan,erhuang,yuanban,x,帝王家深宫院似水流年。,141,151.25,4211144322,帝王家,深宫院,似水流年。
,dan,erhuang,yuanban,s2,幸喜得珍珠衫称心如愿，,153,161.25,4321114124,幸喜得,珍珠衫,称心如愿，
,dan,erhuang,yuanban,x,宋天子主婚姻此事成全。,163,171.25,4153113422,宋天子,主婚姻,此事成全。
,dan,erhuang,yuanban,s2,但愿得令公令婆别无异见，,173,181.25,44241422244,但愿得,令公令婆,别无异见，
,dan,erhuang,yuanban,x,但愿得杨六郎心如石坚，,183,191.375,4422421221,但愿得,杨六郎,心如石坚，
,dan,erhuang,yuanban,s2,但愿得状元媒月老引线，,193,201,4424224334,但愿得,状元媒,月老引线，
,dan,erhuang,yuanban,x,但愿得八主贤王从中周旋，早成姻眷，扫狼烟，叫那胡儿不敢进犯保叔王锦绣江山。,203,238,442132221123214321442543443123411,但愿得,八主贤王从中周旋，早成姻眷，扫狼烟，叫那胡儿不敢进犯保叔王,锦绣江山。
,dan,erhuang,yuanban,s1,愿天下有情人都成姻眷，,246,260.25,4143221214,愿天下,有情人,都成姻眷，
,dan,erhuang,yuanban,x,愿天下从此后国泰民安。,262,271,4142342421,愿天下,从此后,国泰民安。
daeh-ZiNaRi-ZhuangYuanMei-2.xml,dan,erhuang,yuanban,s1,自那日与六郎阵前相见，,18,42.5,4443424214,自那日,与六郎,阵前相见，
,dan,erhuang,yuanban,x,行不安坐不宁情态缠绵。,44,52,2414422422,行不安,坐不宁,情态缠绵。
,dan,erhuang,yuanban,s2,在潼台被贼擒性命好险，,54,62,4224224433,在潼台,被贼擒,性命好险，
,dan,erhuang,yuanban,x,乱军中多亏他救我回还。,64,86,4111114322,乱军中,多亏他,救我回还。
,dan,erhuang,yuanban,s1,这桩事闷得我柔肠百转，,94,128.5,4144232233,这桩事,闷得我,柔肠百转，
,dan,erhuang,yuanban,x,不知道他与我是否一般。,130,138,4141334341,不知道,他与我,是否一般。
,dan,erhuang,yuanban,s2,百姓们闺房乐如花美眷，,140,148.5,3451242134,百姓们,闺房乐,如花美眷，
,dan,erhuang,yuanban,x,帝王家深宫怨似水流年。,150,160,4211144322,帝王家,深宫怨,似水流年。
,dan,erhuang,yuanban,s2,幸喜得珍珠衫称心如愿，,162,170.5,4321114124,幸喜得,珍珠衫,称心如愿，
,dan,erhuang,yuanban,x,宋天子主婚姻此事成全。,172,180.75,4153113422,宋天子,主婚姻,此事成全。
,dan,erhuang,yuanban,s2,但愿得令公令婆别无意见，,182,190.5,44241422244,但愿得,令公令婆,别无意见，
,dan,erhuang,yuanban,x,但愿得杨六郎心如石坚。,192,200.75,4422421221,但愿得,杨六郎,心如石坚。
,dan,erhuang,yuanban,s2,但愿得状元媒月老引线，,202,210.5,4424224334,但愿得,状元媒,月老引线，
,dan,erhuang,yuanban,x,但愿得八主贤王从中周旋早成美眷、扫狼烟叫那胡儿不敢进犯、保叔王锦锈江山。,212,247,442132221123234321442543443123411,但愿得,八主贤王从中周旋早成美眷、扫狼烟叫那胡儿不敢进犯、保叔王,锦锈江山。
,dan,erhuang,yuanban,s1,愿天下有情人都成姻眷，,263,277.5,4143221214,愿天下,有情人,都成姻眷，
,dan,erhuang,yuanban,x,愿邦家从此后国泰民安。,279,288,4112342421,愿邦家,从此后,国泰民安。
daeh-ZuoChunGui-XiShi.xml,dan,erhuang,manban,s1,坐春闺只觉得光明似箭，,10,63,4113221244,坐春闺,只觉得,光明似箭，
,dan,erhuang,manban,x,无限的闲愁恨尽上眉尖。,78,115,2452244421,无限的,闲愁恨,尽上眉尖。
,dan,erhuang,manban,s1,奴这里心中痛玉颜清减，,128,196,2431144213,奴这里,心中痛,玉颜清减，
,dan,erhuang,manban,x,夜不眠朝慵起又向谁言。,212,236,4421134422,夜不眠,朝慵起,又向谁言。
daeh-ZuoRiGong-TaiZhenWaiChuan.xml,dan,erhuang,yuanban,s1,昨日宫中何等宠幸，,18,40,24112334,昨日,宫中,何等宠幸，
,dan,erhuang,yuanban,x,有谁知一时错被逐宫廷。,42,60,3214244212,有谁知,一时错,被逐宫廷。
,dan,erhuang,yuanban,s1,思想起从前事心中悔恨，,70,94.5,1332241134,思想起,从前事,心中悔恨，
,dan,erhuang,yuanban,x,但不知何日里再沐圣明。,96,106,4412434442,但不知,何日里,再沐圣明。
daxp-ChenSanLiang-ChenSanLiangPaTang.xml,dan,xipi,daoban,s,陈三两在大堂把话云，,14,33,213442342,陈三两,在大堂,把话云，
,dan,xipi,manban,x,公正的老爷细听分明。,65,100.75,145324112,公正的,老爷,细听分明。
,dan,xipi,manban,s,我本是被骗进的富春院，,129,157,3344445414,我本是,被骗进的,富春院，
,dan,xipi,manban,x,发奋自强日夜读诗文。,165,196,144244212,发奋,自强,日夜读诗文。
,dan,xipi,manban,s,诗书易礼都学会，,205,220,1143124,诗书,易礼,都学会，
,dan,xipi,manban,x,最可恨鸨儿叫我接客人。,229,252,4343543142,最可恨,鸨儿,叫我接客人。
daxp-ChunQiuTing-SuoLinNang.xml,dan,xipi,erliu,s,春秋亭外风雨暴，,2,14.75,1124134,春秋,亭外,风雨暴，
,dan,xipi,erliu,x,何处悲声破寂寥。,15,25.25,2311442,何处,悲声,破寂寥。
,dan,xipi,erliu,s,在隔帘只见这一花轿，,27,36.75,422344414,在隔帘,只见这,一花轿，
,dan,xipi,erliu,x,想必是新婚渡鹊桥，,37,47.25,34411442,想必是,新婚,渡鹊桥，
,dan,xipi,erliu,s,吉日良辰当欢笑，,49,58.75,2422114,吉日,良辰,当欢笑，
,dan,xipi,erliu,x,为何鲛珠化泪抛？,59,72.75,2211441,为何,鲛珠,化泪抛？
,dan,xipi,erliu,s,此时却又明白了，,75,84.25,3244223,此时,却又,明白了，
,dan,xipi,liushui,x,世上何尝尽富豪，,84.5,89,4422442,世上,何尝,尽富豪，
,dan,xipi,liushui,s,亦有饥寒悲怀抱，,90.5,97,4312124,亦有,饥寒,悲怀抱，
,dan,xipi,liushui,x,也有失意痛哭嚎啕，,97.5,103,33144122,也有,失意,痛哭嚎啕，
,dan,xipi,liushui,s,轿内的人儿弹别调，,103.5,108,44525424,轿内的,人儿,弹别调，
,dan,xipi,liushui,x,必有隐情在心潮。,108.5,117,4332412,必有,隐情,在心潮。
,dan,xipi,liushui,s,耳听得悲声惨心中如捣，,131,138.5,3121131123,耳听得,悲声惨,心中如捣，
,dan,xipi,liushui,x,同遇人为什么这样嚎啕？,139.5,147.5,2424254422,同遇人,为什么,这样嚎啕？
,dan,xipi,liushui,s,莫不是夫郎丑难谐女貌？,148.5,156,4241232234,莫不是,夫郎丑,难谐女貌？
,dan,xipi,liushui,x,莫不是强婚配鸦占鸾巢？,157,166,4242141422,莫不是,强婚配,鸦占鸾巢？
,dan,xipi,liushui,s,叫梅香你把那好言相告，,166.5,174.5,4213343214,叫梅香,你把那,好言相告，
,dan,xipi,liushui,x,问那厢因何故痛哭无聊。,175,184,4411244122,问那厢,因何故,痛哭无聊。
,dan,xipi,liushui,s,听薛良一语来相告，,200,207.5,11243214,听薛良,一语,来相告，
,dan,xipi,liushui,x,满腹骄矜顿雪潇，,208,212,3411431,满腹,骄矜,顿雪潇，
,dan,xipi,liushui,s,人情冷暖凭天造，,213.5,218,2233214,人情,冷暖,凭天造，
,dan,xipi,liushui,x,谁能移动他半分毫。,218.5,224,22241412,谁能,移动他,半分毫。
,dan,xipi,liushui,s,我在不足他正少，,225.5,230.5,3442143,我在,不足,他正少，
,dan,xipi,liushui,x,他为饥寒我为娇。,231,235,1412341,他为,饥寒,我为娇。
,dan,xipi,liushui,s,分我一枝珊瑚宝，,236.5,241.5,1341123,分我,一枝,珊瑚宝，
,dan,xipi,liushui,x,安他半世凤凰巢。,242,246,1144422,安他,半世,凤凰巢。
,dan,xipi,liushui,s,忙把梅香低声儿叫，,246.5,267,23211154,忙把,梅香,低声儿叫，
,dan,xipi,liushui,x,莫把姓名你信口晓，,276.5,285,43423433,莫把,姓名,你信口晓，
,dan,xipi,liushui,s,这都是神话凭空造，,297,304.5,41424214,这都是,神话,凭空造，
,dan,xipi,liushui,x,自把珠玉夸富豪，,305,309.5,4314142,自把,珠玉,夸富豪，
,dan,xipi,liushui,s,麟儿那有神送到，,310.5,315.75,2543244,麟儿,那有,神送到，
,dan,xipi,liushui,x,积德才生玉树苗，,316,320,1221442,积德,才生,玉树苗，
,dan,xipi,liushui,s,小小囊儿何足道，,321.5,327,3325224,小小,囊儿,何足道，
,dan,xipi,liushui,x,救她饥渴胜琼瑶。,327.5,337,4113422,救她,饥渴,胜琼瑶。
daxp-DangRiLi-SuoLinNang.xml,dan,xipi,yuanban,s,当日里好风光忽觉转变，,34,60,1433111234,当日里,好风光,忽觉转变，
,dan,xipi,yuanban,x,霎时间日色淡似坠西山。,86,108,4214444411,霎时间,日色淡,似坠西山。
,dan,xipi,yuanban,s,在轿中只觉得天昏地暗。,138,156.5,4413221144,在轿中,只觉得,天昏地暗。
,dan,xipi,yuanban,x,耳听得风声断，雨声喧，雷声乱，乐声阑珊，人声呐喊，都道说是大雨倾天。,158,204,3121143112144121214314144311,耳听得,风声断，雨声喧，雷声乱，乐声阑珊，人声呐喊，都道说是,大雨倾天。
,dan,xipi,yuanban,s,那花轿必定是因陋就简，,274,292.5,4144441443,那花轿,必定是,因陋就简，
,dan,xipi,yuanban,x,隔帘儿我也曾侧目偷观。,294,312.5,2253324411,隔帘儿,我也曾,侧目偷观。
,dan,xipi,yuanban,s,虽然是古青庐以朴为俭，,314,332.5,1243123323,虽然是,古青庐,以朴为俭，
,dan,xipi,yuanban,x,哪有这短花帘，旧花幔，参差流苏，残破不全。,334,364,33431241411212442,哪有这,短花帘，旧花幔，参差流苏，,残破不全。
,dan,xipi,yuanban,s,轿中人必定有一腔幽怨，,430,451,4124434114,轿中人,必定有,一腔幽怨，
,dan,xipi,yuanban,x,她泪自弹、声续断、似杜鹃、啼别院、巴峡哀猿动人心弦，好不惨然。,451.5,485,1442144441224121242123432,她泪自弹、,声续断、似杜鹃、啼别院、巴峡哀猿动人心弦，,好不惨然。
,dan,xipi,yuanban,s,于归日理应当喜形于面，,486,508.5,2143113224,于归日,理应当,喜形于面，
,dan,xipi,yuanban,x,为什么悲切切哭得可怜。,510,532,4251441232,为什么,悲切切,哭得可怜。
,dan,xipi,yuanban,s,那时节奴妆奁不下百万，,554,572.5,4222122434,那时节,奴妆奁,不下百万，
,dan,xipi,yuanban,x,怎奈我在轿中赤手空拳。,574,596,3434414312,怎奈我,在轿中,赤手空拳。
,dan,xipi,yuanban,s,急切里想起了锁麟囊一（呀）件，,626,644.5,24333332224,急切里,想起了,锁麟囊一（呀）件，
,dan,xipi,yuanban,x,囊虽小却能做续命泉源。,646,668,2134244422,囊虽小,却能做,续命泉源。
,dan,xipi,liushui,s,有金珠和珍宝光华灿烂，,715,723.5,3112131244,有金珠,和珍宝,光华灿烂，
,dan,xipi,liushui,x,红珊瑚碧翡翠样样倶全。,724.5,732,2124344442,红珊瑚,碧翡翠,样样倶全。
,dan,xipi,liushui,s,还有那夜明珠粒粒成串，,733.5,741.5,2344214424,还有那,夜明珠,粒粒成串，
,dan,xipi,liushui,x,还有那赤金链，紫瑛簪，白玉环，双凤錾，八宝钗钏一个个宝孕光含。,742,769.5,23441431124214413142443412,还有那,赤金链，紫瑛簪，白玉环，双凤錾，八宝钗钏一个个,宝孕光含。
,dan,xipi,liushui,s,这囊儿虽非是千古罕见，,770.5,778.5,4221141334,这囊儿,虽非是,千古罕见，
,dan,xipi,liushui,x,换衣食也够她生活几年。,779,790,4123411232,换衣食,也够她,生活几年。
daxp-DiTouLi-NvQiJie.xml,dan,xipi,liushui,s,低头离了洪洞县，,13,19,1223244,低头,离了,洪洞县，
,dan,xipi,liushui,x,将身来在大街前。,20.5,26,3124412,将身,来在,大街前。
,dan,xipi,liushui,s,未曾开言我心好惨，,26.5,32,42123133,未曾,开言,我心好惨，
,dan,xipi,liushui,x,过往的君子听我言。,32.5,37,43515132,过往的,君子,听我言。
,dan,xipi,liushui,s,哪一位去往南京转，,37.5,43,32443214,哪一位,去往,南京转，
,dan,xipi,liushui,x,与我那三郎把信传。,43.5,48,33412342,与我,那三郎,把信传。
,dan,xipi,liushui,s,就说苏三把命断，,49,52,4111344,就说,苏三,把命断，
,dan,xipi,liushui,x,来生变犬马我当报还。,52.5,61,214333142,来生变,犬马我,当报还。
daxp-DuiLingHua-BiYuZan.xml,dan,xipi,manban,s,对菱花暗地里芳心自转，,0,30.5,4214431143,对菱花,暗地里,芳心自转，
,dan,xipi,manban,x,听她言不由人喜上眉尖。,31,65.5,1124223421,听她言,不由人,喜上眉尖。
,dan,xipi,manban,s,果然是成佳偶两心欢恋，,66,102.5,3242133114,果然是,成佳偶,两心欢恋，
,dan,xipi,manban,x,也算得人世间美满姻缘。,103,129,3422413312,也算得,人世间,美满姻缘。
daxp-ErDeFu-HongNiGuan.xml,dan,xipi,manban,s,儿的父为国家阵前命丧，,0,30,2542214244,儿的父,为国家,阵前命丧，
,dan,xipi,manban,x,撇下了奴一人好不悲凉。,32,64,3432423412,撇下了,奴一人,好不悲凉。
,dan,xipi,manban,s,奴这里只把那结婚思量，,65,99,2433342114,奴这里,只把那,结婚思量，
,dan,xipi,manban,x,倒不如与伯党匹配鸾凰。,101,135,3423233422,倒不如,与伯党,匹配鸾凰。
,dan,xipi,manban,s,清早起我和他一度商量，,137,167,1333212414,清早起,我和他,一度商量，
,dan,xipi,manban,x,不想到狠心郎一味猖狂。,169,195,4343122412,不想到,狠心郎,一味猖狂。
,dan,xipi,manban,s,奴本当把关印付他执掌，,197,227,2313144123,奴本当,把关印,付他执掌，
,dan,xipi,manban,x,又恐怕众将官说短论长。,229,253,4344411343,又恐怕,众将官,说短论长。
daxp-ErTingDe-SuoLinNang.xml,dan,xipi,liushui,s,耳听得悲声惨心中如捣，,12,19.5,3121131123,耳听得,悲声惨,心中如捣，
,dan,xipi,liushui,x,同遇人为什么这样嚎啕。,20.5,28.5,2424254422,同遇人,为什么,这样嚎啕。
,dan,xipi,liushui,s,莫不是夫郎丑难谐女貌，,29.5,37,4241232234,莫不是,夫郎丑,难谐女貌，
,dan,xipi,liushui,x,莫不是强婚配鸦占鸾巢。,38,47,4242141422,莫不是,强婚配,鸦占鸾巢。
,dan,xipi,liushui,s,叫梅香你把那好言相告，,47.5,55.5,4213343214,叫梅香,你把那,好言相告，
,dan,xipi,liushui,x,问那厢因何故痛哭无聊？,56,66.5,4411244122,问那厢,因何故,痛哭无聊？
,dan,xipi,liushui,s,梅香说话好颠倒，,90,94.5,2114313,梅香,说话,好颠倒，
,dan,xipi,liushui,x,不该人前乱解嘲。,95,99.5,4122432,不该,人前,乱解嘲。
,dan,xipi,liushui,s,怜贫济困是正道，,100.5,105,2244444,怜贫,济困,是正道，
,dan,xipi,liushui,x,哪有个袖手旁观在壁上瞧。,105.5,117,33443214442,哪有个,袖手旁,观在壁上瞧。
,dan,xipi,liushui,s,蠢才问话太潦草，,182,188.5,3244433,蠢才,问话,太潦草，
,dan,xipi,liushui,x,难免怀疑在心梢。,189,193.5,2322411,难免,怀疑,在心梢。
,dan,xipi,liushui,s,你不该人前逞骄傲，,194,200.5,34122314,你不该,人前,逞骄傲，
,dan,xipi,liushui,x,不该词费又滔滔。,201.5,207,4124411,不该,词费,又滔滔。
,dan,xipi,liushui,s,休要噪且站了，,208,211,144343,休要噪,,且站了，
,dan,xipi,liushui,x,薛良与我去问一遭。,213.5,223,12334441,薛良,与我去,问一遭。
,dan,xipi,liushui,s,听薛良一语来相告，,314,321.5,11243214,听薛良,一语,来相告，
,dan,xipi,liushui,x,满腹骄矜顿雪潇。,322,326.5,3411431,满腹,骄矜,顿雪潇。
,dan,xipi,liushui,s,人情冷暖凭空造，,327.5,332,2233214,人情,冷暖,凭空造，
,dan,xipi,liushui,x,谁能移动它半分毫。,332.5,338.5,22241412,谁能,移动它,半分毫。
,dan,xipi,liushui,s,我正不足她正少，,339.5,344.5,3442143,我正,不足,她正少，
,dan,xipi,liushui,x,她为饥寒我为骄。,345,349.75,1412341,她为,饥寒,我为骄。
,dan,xipi,liushui,s,分我一枝珊瑚宝，,350,353.5,1341123,分我,一枝,珊瑚宝，
,dan,xipi,liushui,x,安她半世凤凰剿。,354,358,1144423,安她,半世,凤凰剿。
,dan,xipi,liushui,s,忙把梅香低声叫，,358.5,379,2321114,忙把,梅香,低声叫，
,dan,xipi,liushui,x,莫把姓名你信口哓。,396.5,405,43423431,莫把,姓名,你信口哓。
,dan,xipi,liushui,s,这都是神话凭空造，,426,433.5,41424214,这都是,神话,凭空造，
,dan,xipi,liushui,x,自把珠玉夸富豪。,434,438.5,4314142,自把,珠玉,夸富豪。
,dan,xipi,liushui,s,麟儿哪有神送到，,439.5,444.5,2533244,麟儿,哪有,神送到，
,dan,xipi,liushui,x,积德才生玉树苗。,445,449.5,1221442,积德,才生,玉树苗。
,dan,xipi,liushui,s,小小囊儿何足道，,450.5,456,3325224,小小,囊儿,何足道，
,dan,xipi,liushui,x,救她饥渴胜琼瑶。,456.5,466,4113422,救她,饥渴,胜琼瑶。
daxp-FeiShiWo-TaoHuaCun.xml,dan,xipi,liushui,s,非是我嘱咐叮咛把话讲，,10,19,1433412343,非是我,嘱咐叮咛,把话讲，
,dan,xipi,liushui,x,只怪你呆头呆脑慌慌张张。,19.5,25,34312131111,只怪你,呆头呆脑,慌慌张张。
,dan,xipi,liushui,s,今夜晚非比那西厢待月、你懂提防、莫轻狂，,26,41,14313411443312412,今夜晚,非比那西厢待月、你懂提防、,莫轻狂，
,dan,xipi,liushui,x,关系你患难鸳鸯永宿在池塘。,43,57,143441134422,关系你,患难鸳鸯,永宿在池塘。
,dan,xipi,liushui,s,已然错请生波浪，,59,66,3243114,已然,错请,生波浪，
,dan,xipi,liushui,x,怎能够粗心大意你再荒唐。,67,77,32411443412,怎能够,粗心大,意你再荒唐。
,dan,xipi,liushui,s,鼓打二更准时往，,78.5,84,3341323,鼓打,二更,准时往，
,dan,xipi,liushui,x,桃花村口莫彷徨。,85,89,2113422,桃花,村口,莫彷徨。
,dan,xipi,liushui,s,你不要高声不要嚷，,90.5,98,32411243,你不要,高声,不要嚷，
,dan,xipi,liushui,x,你必须眼观六路耳听八方。,99,106,34131443111,你必须,眼观六路,耳听八方。
,dan,xipi,liushui,s,不但要仔细听、还要仔细想，,107.5,113,24434124343,不但要,仔细听、,还要仔细想，
,dan,xipi,liushui,x,是不是有人拍巴掌。,113.5,118,42432113,是不是,有人,拍巴掌。
,dan,xipi,liushui,s,响一声你就还一掌，,120,126,34134243,响一声,你就,还一掌，
,dan,xipi,liushui,x,响两声你就凑近身旁。,128,134,331344412,响两声,你就,凑近身旁。
,dan,xipi,liushui,s,倘若是你响她也响，,134.5,140,34433133,倘若是,你响,她也响，
,dan,xipi,liushui,x,那就是来了我西厢带路的小红娘。,140.5,156,44423311445322,那就是,来了我西厢带路的,小红娘。
,dan,xipi,liushui,s,你把我当做诸葛亮，,156.5,161,33314134,你把我,当做,诸葛亮，
,dan,xipi,liushui,x,听我的号令上战场。,161.5,170,13544443,听我的,号令,上战场。
daxp-LaoDieDie-DaYuShaJia-1.xml,dan,xipi,yuanban,s,老爹爹清晨起前去出前，,30,57,3111232412,老爹爹,清晨起,前去出前，
,dan,xipi,yuanban,x,到叫我桂英儿挂在心头；,90,111,4434154412,到叫我,桂英儿,挂在心头；
,dan,xipi,yuanban,s,将身儿坐至在草堂等候，,138,165,3154443234,将身儿,坐至在,草堂等候，
,dan,xipi,yuanban,x,等候了爹爹回细问根由。,198,219,3431124412,等候了,爹爹回,细问根由。
daxp-LaoDieDie-DaYuShaJia-2.xml,dan,xipi,yuanban,s,老爹爹清晨起前去出首，,22,49,3111232413,老爹爹,清晨起,前去出首，
,dan,xipi,yuanban,x,倒叫我桂英儿挂在心头。,74,95,3434124412,倒叫我,桂英儿,挂在心头。
,dan,xipi,yuanban,s,将身儿坐至在草堂等候，,114,141,3154443234,将身儿,坐至在,草堂等候，
,dan,xipi,yuanban,x,等候了爹爹回细问根由。,166,186,3431124412,等候了,爹爹回,细问根由。
daxp-LaoDieDie-SanJiZhang-1.xml,dan,xipi,manban,s,老爹爹请息（呀）怒容儿细讲，,6,33,3113142243,老爹爹,请息（呀）怒,容儿细讲，
,dan,xipi,manban,x,我立志不嫁那状元才郎。,58,89,3442444222,我立志,不嫁那,状元才郎。
,dan,xipi,manban,s,父休笑薛平贵是花郎模样，,110,128.25,41412441224,父休笑,薛平贵是,花郎模样，
,dan,xipi,manban,x,贫穷人得了志比富还强。,130,152,2222343422,贫穷人,得了志,比富还强。
daxp-LaoDieDie-SanJiZhang-2.xml,dan,xipi,manban,s,老爹爹请息怒容儿细讲，,30,60,3113142243,老爹爹,请息怒,容儿细讲，
,dan,xipi,manban,x,儿命苦怎配着状元才郎？,86,121,2433424222,儿命苦,怎配着,状元才郎？
,dan,xipi,manban,s,父道那薛平贵是那化郎模样，,150,188.5,444124444224,父道那,薛平贵,是那化郎模样，
,dan,xipi,manban,x,这样人得了志比父还强。,190,210,4422343422,这样人,得了志,比父还强。
daxp-LaoDieDie-YuZhouFeng.xml,dan,xipi,yuanban,s,老爹爹发恩德将本修上，,30,56,3111121314,老爹爹,发恩德,将本修上，
,dan,xipi,yuanban,x,明早朝上金殿面奏吾皇。,90,112,2324144422,明早朝,上金殿,面奏吾皇。
,dan,xipi,yuanban,s,倘若是有道君皇恩浩荡，,142,164,3443412144,倘若是,有道君,皇恩浩荡，
,dan,xipi,yuanban,x,观此本免了儿一门祸殃。,166,187,1333324241,观此本,免了儿,一门祸殃。
,dan,xipi,sanban,s,老爹爹在朝中官高爵显，,201,214,3114211123,老爹爹,在朝中,官高爵显，
,dan,xipi,sanban,x,却为何贪富贵不顾羞惭。,219,238,4421442412,却为何,贪富贵,不顾羞惭。
daxp-MengJunZi-ChunQiuPei-1.xml,dan,xipi,yuanban,s,蒙君子至殷勤再三问话，,22,53,2134124144,蒙君子,至殷勤,再三问话，
,dan,xipi,yuanban,x,虽然是男女别不得不答。,86,109,1242324242,虽然是,男女别,不得不答。
,dan,xipi,yuanban,s,家住在罗郡城魁星楼下，,138,165,1442422124,家住在,罗郡城,魁星楼下，
,dan,xipi,yuanban,x,我的父名姜绍贸易天涯。,190,211,3542144412,我的父,名姜绍,贸易天涯。
,dan,xipi,yuanban,s,在家中受不过继母拷打，,230,252,4114244333,在家中,受不过,继母拷打，
,dan,xipi,yuanban,x,莫奈何到荒郊我就来捡芦花。,254,273,442411342321,莫奈何,到荒郊我就,来捡芦花。
daxp-MengJunZi-ChunQiuPei-2.xml,dan,xipi,yuanban,s,蒙君子至诚心再三问话，,22,52,2134214144,蒙君子,至诚心,再三问话，
,dan,xipi,yuanban,x,虽然是不相识我就不得不答。,86,108,124412344242,虽然是,不相识我就,不得不答。
,dan,xipi,yuanban,s,家住在罗郡城魁星楼下，,138,164,1442422124,家住在,罗郡城,魁星楼下，
,dan,xipi,yuanban,x,我爹爹名姜绍贸易天涯。,190,212,3112144412,我爹爹,名姜绍,贸易天涯。
,dan,xipi,yuanban,s,身有病还受那继母拷打，,242,260.5,1342444333,身有病,还受那,继母拷打，
,dan,xipi,yuanban,x,因此上到郊外来捡芦花（呀）。,262,283,1344142321,因此上,到郊外,来捡芦花（呀）。
daxp-MengTingDe-MuiGuiYingGuaShuai.xml,dan,xipi,liushui,s,猛听得金鼓响画角声震，,8,16,3121334314,猛听得,金鼓响,画角声震，
,dan,xipi,liushui,x,唤起我破天门状志凌云。,17.5,25,4334124422,唤起我,破天门,状志凌云。
,dan,xipi,liushui,s,想当年桃花马上威风凛凛，,26,34,31221341133,想当年,桃花马上,威风凛凛，
,dan,xipi,liushui,x,敌血飞溅石榴裙。,35,39,2414252,敌血,飞溅,石榴裙。
,dan,xipi,liushui,s,有生之日责当尽，,40.5,46,3114213,有生,之日,责当尽，
,dan,xipi,liushui,x,寸土怎能够属于他人。,46.5,52,433243212,寸土怎,能够,属于他人。
,dan,xipi,liushui,s,番王小丑何足论，,53,56,1233224,番王,小丑,何足论，
,dan,xipi,liushui,x,我一剑能挡百万兵。,56.5,70,32423341,我一剑,能挡,百万兵。
daxp-MuQinBu-FengHuanChao.xml,dan,xipi,liushui,s,母亲不必心太偏，,12,18,3124141,母亲,不必,心太偏，
,dan,xipi,liushui,x,女儿言来听根源。,19.5,25,3222112,女儿,言来,听根源。
,dan,xipi,liushui,s,自古常言道得好，,26.5,32.5,4322423,自古,常言,道得好，
,dan,xipi,liushui,x,女儿清白最为先。,33,37,3212421,女儿,清白,最为先。
,dan,xipi,liushui,s,人生不知顾脸面，,38.5,44,2141434,人生,不知,顾脸面，
,dan,xipi,liushui,x,活在世上也枉然。,44.5,53,2444332,活在,世上,也枉然。
daxp-NiDeFu-FenHeWan.xml,dan,xipi,yuanban,s,你的父去投军无音信，,32,58,354421214,你的父,去投军,无音信，
,dan,xipi,yuanban,x,全仗你打雁养娘亲，,88,108,24334321,全仗你,打雁,养娘亲，
,dan,xipi,yuanban,s,把弓带和鱼镖与儿带定，,136,158.5,3142213244,把弓带,和鱼镖,与儿带定，
,dan,xipi,yuanban,x,不等到日落及早回程。,160,184,434442322,不等到,日落,及早回程。
daxp-QiaoLouShang-HuangShanLei.xml,dan,xipi,manban,s,谯楼上二更鼓声声送听，,30,60,1244131141,谯楼上,二更鼓,声声送听，
,dan,xipi,manban,x,父子们去采药未见回程。,86,121,4354344422,父子们,去采药,未见回程。
,dan,xipi,manban,s,对孤灯思远道心神不定，,150,168.25,4111341224,对孤灯,思远道,心神不定，
,dan,xipi,manban,x,不知他在荒山何处安身。,170,196,4114112411,不知他,在荒山,何处安身。
,dan,xipi,yuanban,s,到三更真个是月明人静，,246,268.5,4111444224,到三更,真个是,月明人静，
,dan,xipi,yuanban,x,猛听得窗儿外似有人行。,270,292,3121544322,猛听得,窗儿外,似有人行。
,dan,xipi,yuanban,s,忙移步隔花荫留神听定，,322,356,2242112214,忙移步,隔花荫,留神听定，
,dan,xipi,yuanban,x,原来是秋风起扫叶之声。,382,405,2241133411,原来是,秋风起,扫叶之声。
,dan,xipi,yuanban,s,听画鼓报四更愈添凄冷，,434,456.5,1434414113,听画鼓,报四更,愈添凄冷，
,dan,xipi,yuanban,x,看娇儿正酣睡恐被风侵。,458,480,4124143411,看娇儿,正酣睡,恐被风侵。
,dan,xipi,yuanban,s,我不免引寒机伴奴坐等，,526,557,3433214243,我不免,引寒机,伴奴坐等，
,dan,xipi,erliu,x,又思来又想去越不安宁。,559,574,4124344412,又思来,又想去,越不安宁。
,dan,xipi,erliu,s,数更等交五鼓空房愈冷，,577,590.25,4131331243,数更等,交五鼓,空房愈冷，
,dan,xipi,erliu,x,果然是晓鸡唱天已黎明。,591,608,3243141322,果然是,晓鸡唱,天已黎明。
,dan,xipi,erliu,s,我不免唤琏儿到街前探问，,609,627,34343541244,我不免,唤琏儿,到街前探问，
,dan,xipi,erliu,x,你爹爹到如今未转家门。,639,650,3114214312,你爹爹,到如今,未转家门。
daxp-SuSanLi-NvQiJie.xml,dan,xipi,liushui,s,苏三离了洪洞县，,8,14,1123244,苏三,离了,洪洞县，
,dan,xipi,liushui,x,将身来在大街前。,15.5,21,3124412,将身,来在,大街前。
,dan,xipi,liushui,s,未曾开言心内惨，,22.5,28,4212143,未曾,开言,心内惨，
,dan,xipi,liushui,x,过往的君子听我言。,28.625,33,43515132,过往的,君子,听我言。
,dan,xipi,liushui,s,哪一位去往南京转，,34.5,40,32443213,哪一位,去往,南京转，
,dan,xipi,liushui,x,与我那三郎把信传。,40.75,45,33412342,与我那,三郎,把信传。
,dan,xipi,liushui,s,言说苏三把命断，,46,49,2111344,言说,苏三,把命断，
,dan,xipi,liushui,x,来生变犬马我当报还！,49.5,61,214333142,来生变,犬马,我当报还！
daxp-TingTaYan-ZuoGong.xml,dan,xipi,liushui,s,听他言吓得我浑身是汗，,10,18.5,1124232144,听他言,吓得我,浑身是汗，
,dan,xipi,liushui,x,十五载到今日才吐真言。,19.5,27,2334142312,十五载,到今日,才吐真言。
,dan,xipi,liushui,s,原来是杨家将把名姓改换，,28,36,22421432434,原来是,杨家将,把名姓改换，
,dan,xipi,liushui,x,他思家乡想骨肉就不能团圆。,36.5,45,111132444222,他思家乡,想骨肉,就不能团圆。
,dan,xipi,liushui,s,我这里走向前再把礼见，,46,65,3433424334,我这里,走向前,再把礼见，
,dan,xipi,liushui,x,尊一声驸马爷细听咱言。,77,85,1414324122,尊一声,驸马爷,细听咱言。
,dan,xipi,liushui,s,早晚间休怪我言语怠慢，,86.5,94,3311432344,早晚间,休怪我,言语怠慢，
,dan,xipi,liushui,x,不知者不怪罪你的海量放宽。,95,106,413244353441,不知者,不怪罪,你的海量放宽。
daxp-WoDeNiang-XinAnYi.xml,dan,xipi,yuanban,s,我的娘她忘了女生外姓，,0,13,3521433144,我的娘,她忘了,女生外姓，
,dan,xipi,yuanban,x,奴年交十九岁还守闺门。,14,25,2212342312,奴年交,十九岁,还守闺门。
,dan,xipi,yuanban,s,这几日身不爽心中烦闷，,26,43,4341431124,这几日,身不爽,心中烦闷，
,dan,xipi,yuanban,x,却原来母亲到儿未知情。,44,54,4223142412,却原来,母亲到,儿未知情。
daxp-WoHeNi-SangYuanHui.xml,dan,xipi,kuaiban,s,我和你有什么夫妻的情，,0,7,3233251152,我和你,有什么,夫妻的情，
,dan,xipi,kuaiban,x,谁认你狼心狗肺的人！,7.5,16,243213452,谁认你,狼心,狗肺的人！
daxp-WoZhuYe-SiLangTanMu.xml,dan,xipi,manban,s,我主爷金沙滩早把命丧，,31,66,3321113341,我主爷,金沙滩,早把命丧，
,dan,xipi,manban,x,众文武扶哀家执掌军房。,91,141,4232112312,众文武,扶哀家,执掌军房。
,dan,xipi,manban,s,众卿随忙挂点亲率官员，,155,189,4122431412,众卿随,忙挂点,亲率官员，
,dan,xipi,manban,x,一心心要夺取宋室江山。,227,266,4114234411,一心心,要夺取,宋室江山。
,dan,xipi,manban,s,叫番儿忙摆驾银安殿，,283,312,412234214,叫番儿,忙摆驾,银安殿，
,dan,xipi,yaoban,x,阅兵书看何人前来何安。,324,343,4114222221,阅兵书,看何人,前来何安。
daxp-XiRiLi-LongFengChengXiang.xml,dan,xipi,manban,s,昔日里梁鸿配孟光，,32,66,14322441,昔日里,梁鸿,配孟光，
,dan,xipi,manban,x,今朝仙女会襄王。,84,122,1113412,今朝,仙女,会襄王。
,dan,xipi,manban,s,暗地堪笑奴兄长，,148,182.5,4414213,暗地,堪笑,奴兄长，
,dan,xipi,manban,x,安排虎计害刘王。,200,230.5,1234422,安排,虎计,害刘王。
,dan,xipi,manban,s,月老本是乔国丈，,244,266.5,4334224,月老,本是,乔国丈，
,dan,xipi,manban,x,纵有大事料无妨。,292,310,4344422,纵有,大事,料无妨。
daxp-XiRiLiang-LongFengChengXiang.xml,dan,xipi,manban,s,昔日梁鸿配孟光，,30,55,1422441,昔日,梁鸿,配孟光，
,dan,xipi,manban,x,今朝仙女会襄王。,78,117,1113412,今朝,仙女,会襄王。
,dan,xipi,manban,s,暗地堪笑我兄长，,146,181,4414313,暗地,堪笑,我兄长，
,dan,xipi,manban,x,安排巧计害刘王。,206,228,1234422,安排,巧计,害刘王。
daxp-XiShiNv-XiShi.xml,dan,xipi,manban,s,西施女生长在苎萝村里，,31,62,1131344213,西施女,生长在,苎萝村里，
,dan,xipi,manban,x,难得有开怀事常锁双眉。,87,121,2231242312,难得有,开怀事,常锁双眉。
,dan,xipi,manban,s,只为着守清寒柴门近水，,151,197,3423122243,只为着,守清寒,柴门近水，
,dan,xipi,manban,x,每日里浣纱去又傍清溪。,231,261.5,3434144411,每日里,浣纱去,又傍清溪。
,dan,xipi,manban,s,怕只怕损玉颜姣容自惜，,291,313,4343421241,怕只怕,损玉颜,姣容自惜，
,dan,xipi,manban,x,对清溪时照影自整罗农。,315,337,4112434322,对清溪,时照影,自整罗农。
dldeh-ShouBiPo-ChunQiuPei.xml,,,,,Part 1,,,,Part 1,,
,dan,erhuang,manban,s1,受逼迫去捡柴泪如雨下，,36,84,4144324234,受逼迫,去捡柴,泪如雨下，
,dan,erhuang,manban,x,病恹恹身无力难以挣扎。,100,132.5,4111242312,病恹恹,身无力,难以挣扎。
,dan,erhuang,manban,s1,奴好比花未开风吹雨打，,224,280.5,2331411133,奴好比,花未开,风吹雨打，
,dan,erhuang,manban,x,想亲娘和老父心乱如麻。,316,339,3122341422,想亲娘,和老父,心乱如麻。
,,,,,Part 2,,,,Part 2,,
,laodan,erhuang,sanyan,s1,你继母心毒狠将你打骂，,148,188.75,3431231334,你继母,心毒狠,将你打骂，
,laodan,erhuang,sanyan,x,全（呐）不顾你身有病气力不佳。,192,208,22431344441,全（呐）不顾,你身有病,气力不佳。
lseh-JinZhongXiang-ShangTianTai.xml,laosheng,erhuang,manban,s1,金钟响玉磬应王登龙庭，,0,41,1134442122,金钟响,玉磬应,王登龙庭，
,laosheng,erhuang,manban,x,寡人喜的是五谷丰登。,42,62,323543311,寡人,喜的是,五谷丰登。
,laosheng,erhuang,manban,s1,文凭着邓先生策划有准，,63,85.5,2224114433,文凭着,邓先生,策划有准，
,laosheng,erhuang,manban,x,武仗着姚皇兄保定乾坤。,88,105.5,3422213421,武仗着,姚皇兄,保定乾坤。
,laosheng,erhuang,manban,s2,内侍臣忙摆驾九龙口进，,108,136,4422343234,内侍臣,忙摆驾,九龙口进，
,laosheng,erhuang,manban,x,又听得殿角下大放悲声。,137,169,4124344411,又听得,殿角下,大放悲声。
lseh-LaoZhangBu-WuPenJi.xml,laosheng,erhuang,yuanban,s1,老丈不（哇）必胆怕惊，,16.5,44.5,3424341,老丈,不（哇）必,胆怕惊，
,laosheng,erhuang,yuanban,x,我有言来你是（喏）听。,64.5,74.5,3322341,我有,言来,你是（喏）听。
,laosheng,erhuang,yuanban,s1,休把我当作了妖魔论，,84.5,106.5,133143124,休把我,当作了,妖魔论，
,laosheng,erhuang,yuanban,x,我本屈死一鬼魂。,108.5,118.5,3313432,我本,屈死,一鬼魂。
,laosheng,erhuang,yuanban,s1,我忙将树（呃）枝摆摇（哇）动，,136,166,32141324,我忙将,树（呃）枝,摆摇（哇）动，
,laosheng,erhuang,yuanban,x,抓一（呀）把沙土扬灰尘。,186,208,14313212,抓一（呀）把,沙土,扬灰尘。
,laosheng,erhuang,yuanban,s1,我和你远无冤近无有仇恨，,216,240.5,32332142324,我和你,远无冤,近无有仇恨，
,laosheng,erhuang,yuanban,x,望求老丈把冤伸。,242,259,4234311,望求,老丈,把冤伸。
lseh-NiangZiBu-SouGuJiuGu.xml,laosheng,erhuang,yuanban,s1,娘子不（哇）必太烈性，,18,40.5,2524444,娘子,不（哇）必,太烈性，
,laosheng,erhuang,yuanban,x,卑（呀）人言来你是（喏）听。,42,52,1222341,卑（呀）人,言来,你是（喏）听。
,laosheng,erhuang,yuanban,s1,赵屠二家有仇恨，,60,82.5,4241324,赵屠,二家,有仇恨，
,laosheng,erhuang,yuanban,x,三百余口命赴幽冥。,84,90.5,13234412,三百,余口,命赴幽冥。
,laosheng,erhuang,yuanban,s2,我与那公孙杵臼把计定，,92,100.5,3341134344,我与那,公孙杵臼,把计定，
,laosheng,erhuang,yuanban,x,他舍命来你我舍亲生。,102,111,124233211,他舍,命来,你我舍亲生。
,laosheng,erhuang,yuanban,s2,舍子搭救忠（呃）良的后，,112,120.5,23141254,舍子,搭救,忠（呃）良的后，
,laosheng,erhuang,yuanban,x,老天爷不绝我的后代根。,122,131,3124235441,老天爷,不绝我的,后代根。
,laosheng,erhuang,yuanban,s2,你今舍了亲生子，,132,140.5,3123113,你今,舍了,亲生子，
,laosheng,erhuang,yuanban,x,来年必定降麒麟。,142,154,2244422,来年,必定,降麒麟。
,laosheng,erhuang,yuanban,s1,千言万（哪）语她不肯，,162,184,1243143,千言,万（哪）语,她不肯，
,laosheng,erhuang,yuanban,x,不舍娇儿难救孤身。,186,193,42122411,不舍,娇儿,难救孤身。
,laosheng,erhuang,yuanban,s2,无奈何我只得双（呃）膝跪，,194,210,242332114,无奈何,我只得,双（呃）膝跪，
,laosheng,erhuang,yaoban,x,哀求娘子（喏）舍亲（呐）生。,228,249,1225211,哀求,娘子（喏）,舍亲（呐）生。
lseh-TanXiongDi-SangYuanJiZi.xml,laosheng,erhuang,manban,s1,叹兄兀弟遭不幸一旦丧命，,36,90,41441242444,叹兄兀弟,遭不幸,一旦丧命，
,laosheng,erhuang,manban,x,丢下了年幼儿好不伤情。,128,160,1432423412,丢下了,年幼儿,好不伤情。
,laosheng,erhuang,manban,s1,眼望着孤坟台珠泪难忍，,176,212.5,3421221423,眼望着,孤坟台,珠泪难忍，
,laosheng,erhuang,manban,x,见坟台不见人刀割我心。,216,240,4222421131,见坟台,不见人,刀割我心。
lseh-TuZeiZuo-SouGuJiuGu.xml,laosheng,erhuang,yuanban,s1,屠贼做事心太狠，,0,23,2244143,屠贼,做事,心太狠，
,laosheng,erhuang,yuanban,x,诬杀赵家一满门。,24,40,1141432,诬杀,赵家,一满门。
,laosheng,erhuang,yuanban,s1,眼见得忠良无救应，,41,58,34212244,眼见得,忠良,无救应，
,laosheng,erhuang,yuanban,x,大事还要问程婴。,60,72,4424421,大事,还要,问程婴。
lseh-WeiGuoJia-HongYangDong-1.xml,laosheng,erhuang,yuanban,s1,为国家那何曾半日闲空，,16.5,48,4214224421,为国家,那何曾,半日闲空，
,laosheng,erhuang,yuanban,x,我也曾平服了塞北西东。,66.5,78.5,3322234311,我也曾,平服了,塞北西东。
,laosheng,erhuang,yuanban,s1,官封到节度使（喏）皇王恩重，,86.5,124,1142432214,官封到,节度使（喏）,皇王恩重，
,laosheng,erhuang,yuanban,x,身不爽不由人瞌睡朦胧（呃）。,142.5,164.5,1434221422,身不爽,不由人,瞌睡朦胧（呃）。
lseh-WeiGuoJia-HongYangDong-2.xml,laosheng,erhuang,yuanban,s1,为国家哪何曾半日闲空，,17,47,4213224421,为国家,哪何曾,半日闲空，
,laosheng,erhuang,yuanban,x,我也曾平服了塞北西东。,67,77,3322234311,我也曾,平服了,塞北西东。
,laosheng,erhuang,yuanban,s1,官封到节度使（喏）皇王恩重，,87,123,1142432214,官封到,节度使（喏）,皇王恩重，
,laosheng,erhuang,yuanban,x,身不爽不由人瞌睡朦胧（呃）（哪）。,143,165,1434221422,身不爽,不由人,瞌睡朦胧（呃）（哪）。
lseh-WeiGuoJia-HongYangDong-3.xml,laosheng,erhuang,yuanban,s1,为国家哪何曾半日闲空，,16.5,48.5,4213224421,为国家,哪何曾,半日闲空，
,laosheng,erhuang,yuanban,x,我也曾平服了塞北西东。,66.5,78.5,3322234311,我也曾,平服了,塞北西东。
,laosheng,erhuang,yuanban,s1,官封到节度史（喏）皇王恩重，,86.5,124.5,1142432214,官封到,节度史（喏）,皇王恩重，
,laosheng,erhuang,yuanban,x,身不爽不由人瞌睡朦胧。,142.5,164.5,1434221422,身不爽,不由人,瞌睡朦胧。
lseh-WeiKaiYan-RangXuZhou.xml,laosheng,erhuang,yuanban,s1,未开言不由人（呐）珠泪滚滚，,18,48,4124221433,未开言,不由人（呐）,珠泪滚滚，
,laosheng,erhuang,yuanban,x,天卸重任我就要（哇）你担承。,68,82,1444344312,天卸,重任我就,要（哇）你担承。
,laosheng,erhuang,yuanban,s1,二犬子（呃）皆年幼（哇）难当（呃）重任，,92,116.5,4331242144,二犬子（呃）,皆年幼（哇）,难当（呃）重任，
,laosheng,erhuang,yuanban,x,老朽年迈我也不能够担承。,118,126,33243342412,老朽,年迈我,也不能够担承。
,laosheng,erhuang,yuanban,s2,望使君放开怀慨然（呐）应（呐）允，,128,136,4314123213,望使君,放开怀,慨然（呐）应（呐）允，
,laosheng,erhuang,yuanban,x,救生灵（呐）积阴（呐）功也免得我坐卧不宁。,138,150,41211133234442,救生灵（呐）,积阴（呐）功,也免得我坐卧不宁。
lseh-XinZhongYou-WenZhaoGuan.xml,laosheng,erhuang,yuanban,s1,心中有事难合眼，,8,30.5,1134223,心中,有事,难合眼，
,laosheng,erhuang,yuanban,x,翻来复去睡不安。,32,52,1244441,翻来,复去,睡不安。
,laosheng,erhuang,yuanban,s1,背地里只把东皋公怨，,70,94.5,443331114,背地里,只把,东皋公怨，
,laosheng,erhuang,yuanban,x,叫人难解巧机关。,96,105,4223311,叫人,难解,巧机关。
,laosheng,erhuang,yuanban,s2,若是真心来救我，,106,114.75,4411243,若是,真心,来救我，
,laosheng,erhuang,yuanban,x,为何几日他不言，,116,125,4234142,为何,几日,他不言，
,laosheng,erhuang,yuanban,s2,贪图富贵来害我，,126,134.5,1244243,贪图,富贵,来害我，
,laosheng,erhuang,yuanban,x,你就该把我献与昭关。,136,145,341334311,你就该,把我,献与昭关。
,laosheng,erhuang,yuanban,s2,哭一声爹娘不能相见，,146,154,141124214,哭一声,爹娘,不能相见，
,laosheng,erhuang,yuanban,k,不能（呃）哎见，爹娘（呃）。,156,200,421412,不能（呃）哎见，爹娘（呃）。,,
,laosheng,erhuang,yuanban,x,要相逢除非是梦（呃）里团圆。,228,254,4122144322,要相逢,除非是,梦（呃）里团圆。
,laosheng,erhuang,yuanban,s1,鸡鸣犬吠五更（呃）天，,264,308,1234311,鸡鸣,犬吠,五更（呃）天，
,laosheng,erhuang,yuanban,x,越思越想好伤惨，,326,335,4143313,越思,越想,好伤惨，
,laosheng,erhuang,yuanban,s2,想当初在朝为官宦，,336,344.5,31142214,想当初,在朝,为官宦，
,laosheng,erhuang,yuanban,x,朝臣待漏五更寒。,346,355,2244312,朝臣,待漏,五更寒。
,laosheng,erhuang,yuanban,s2,到如今夜宿在荒村院，,356,364,421444114,到如今,夜宿在,荒村院，
,laosheng,erhuang,yuanban,x,我冷冷清清向谁言（呃）。,365.5,409,33311422,我冷冷,清清,向谁言（呃）。
,laosheng,erhuang,yuanban,s1,我本当拔宝剑自寻短见，,426,454,3312344234,我本当,拔宝剑,自寻短见，
,laosheng,erhuang,yuanban,k,寻短（呃）哎见爹娘（呃）。,456,486,231412,寻短（呃）哎见爹娘（呃）。,,
,laosheng,erhuang,yuanban,x,父母的冤仇化尘烟，,514,523,43512421,父母的,冤仇,化尘烟，
,laosheng,erhuang,yuanban,s2,对天发下宏誓愿，,524,532.5,4114244,对天,发下,宏誓愿，
,laosheng,erhuang,yuanban,x,我不杀平王我的心怎甘。,533.5,558,3412235131,我不杀,平王,我的心怎甘。
lseh-XiRiLi-BaoLianDeng.xml,laosheng,erhuang,kuaisanyan,s1,昔日里有一个孤竹君，,33.5,85.5,143324121,昔日里,有一个,孤竹君，
,laosheng,erhuang,kuaisanyan,x,伯夷叔齐二大贤人，,125.5,153.5,22124422,伯夷,叔齐,二大贤人，
,laosheng,erhuang,kuaisanyan,s1,都只为孤（哇）竹君身染重病（哪），,173.5,214.5,1341211344,都只为,孤（哇）竹君,身染重病（哪），
,laosheng,erhuang,kuaisanyan,x,传口诏命次子即位为君，,217.5,233.5,2344434421,传口诏,命次子,即位为君，
,laosheng,erhuang,kuaisanyan,s2,那叔齐分长幼不能担任，,237.5,255,4121344214,那叔齐,分长幼,不能担任，
,laosheng,erhuang,kuaisanyan,x,那伯夷尊父命也不能应承，,257.5,274.5,42214434242,那伯夷,尊父命,也不能应承，
,laosheng,erhuang,kuaisanyan,s2,弟让兄来兄不能应（呐）允，,277.5,291,441214213,弟让,兄来,兄不能应（呐）允，
,laosheng,erhuang,kuaisanyan,x,兄（呃）推弟来两不能够担承。,293.5,310.5,1142342412,兄（呃）推,弟来,两不能够担承。
,laosheng,erhuang,kuaisanyan,s2,那伯夷出午门无（哇）有踪（呃）影，,313.5,331,4221322313,那伯夷,出午门,无（哇）有踪（呃）影，
,laosheng,erhuang,kuaisanyan,x,那叔齐逃出了后宰门，,333.5,350.5,412213432,那叔齐,逃出了,后宰门，
,laosheng,erhuang,kuaisanyan,s2,首阳山前冻饿死（喏）。,353.5,366.5,3212443,首阳,山前,冻饿死（喏）。
,laosheng,erhuang,kuaisanyan,x,留得美名万古存，,369.5,384.5,2232432,留得,美名,万古存，
,laosheng,erhuang,kuaisanyan,s2,为父的怎比得孤竹君，,385.5,401.5,245332121,为父的,怎比得,孤竹君，
,laosheng,erhuang,kuaisanyan,x,二娇儿也难比那两个贤人。,405.5,422.5,41232343422,二娇儿,也难比那,两个贤人。
,laosheng,erhuang,kuaisanyan,s2,打死了别家子父能作主，,425.5,442.5,3332134243,打死了,别家子,父能作主，
,laosheng,erhuang,kuaisanyan,x,打死个秦官保父不能担承。,445.5,485.5,33421344212,打死个,秦官保,父不能担承。
lseh-XuMaoGong-QinQiongFaPei.xml,laosheng,erhuang,yuanban,s1,徐茂公阴阳多奥妙，,0,17,24112144,徐茂公,阴阳,多奥妙，
,laosheng,erhuang,yuanban,x,文韬武略智谋高。,19,28,2134421,文韬,武略,智谋高。
,laosheng,erhuang,yuanban,s2,既是为我前来到，,29,37,4423224,既是,为我,前来到，
,laosheng,erhuang,yuanban,x,缘何不救我出笼牢。,39,48,22243122,缘何,不救我,出笼牢。
,laosheng,erhuang,yuanban,s2,是是是（呀）来我明白了，,49,57,44423253,是是,是（呀）来我,明白了，
,laosheng,erhuang,yuanban,x,其中必有这巧（哇）妙高。,59,71,21434341,其中必,有这,巧（哇）妙高。
lseh-YangYanZhao-PengBei.xml,laosheng,erhuang,yuanban,s1,杨延昭奉父命巡查大营，,0,19,2214442242,杨延昭,奉父命,巡查大营，
,laosheng,erhuang,yuanban,x,在中途得一信甚是不明。,20,32,4122244442,在中途,得一信,甚是不明。
,laosheng,erhuang,yuanban,s1,迈虎步我且把宝帐来进，,33,48,4343333424,迈虎步,我且把,宝帐来进，
,laosheng,erhuang,yuanban,x,又只见老爹爹瞌睡沉沉。,50,59.5,4343111422,又只见,老爹爹,瞌睡沉沉。
,laosheng,erhuang,yuanban,s2,我本当将此事对他来论，,60,72,3311344124,我本当,将此事,对他来论，
,laosheng,erhuang,yuanban,x,又恐怕惊动了年迈之人。,73,88,4341432412,又恐怕,惊动了,年迈之人。
lseh-YiLunMing-WenZhaoGuan-1.xml,laosheng,erhuang,manban,s1,一轮明月照窗前，,36,94,4224412,一轮,明月,照窗前，
,laosheng,erhuang,manban,x,愁人心（哪）中似箭穿。,132,165,2211441,愁人,心（哪）中,似箭穿。
,laosheng,erhuang,manban,s1,实指（惹）望到吴国借兵回转，,180,220.5,2344224123,实指（惹）望,到吴国,借兵回转，
,laosheng,erhuang,manban,x,谁知昭关有阻拦。,224,241.75,2111332,谁知,昭关,有阻拦。
,laosheng,erhuang,manban,s2,幸遇那东皋公行方便，,244,260.5,444111214,幸遇那,东皋公,行方便，
,laosheng,erhuang,manban,x,他将我隐藏在后花园。,264,281.5,113324412,他将我,隐藏在,后花园。
,laosheng,erhuang,manban,s2,一连几天我的眉不（哇）展，,284,300.5,423135243,一连,几天我的,眉不（哇）展，
,laosheng,erhuang,manban,x,夜夜何曾得安眠。,304,317.5,4422212,夜夜,何曾,得安眠。
,laosheng,erhuang,manban,s2,俺伍员好一似丧家犬，,320,336.5,332324113,俺伍员,好一似,丧家犬，
,laosheng,erhuang,manban,x,满腹的含冤我向谁言（哪）！,340,353.5,345213422,满腹的,含冤我,向谁言（哪）！
,laosheng,erhuang,manban,s2,我好（哇）比哀哀长空雁，,356,372.5,33311314,我好（哇）比,哀哀,长空雁，
,laosheng,erhuang,manban,x,我好比龙游在浅沙滩。,376,393.5,333224311,我好比,龙游在,浅沙滩。
,laosheng,erhuang,manban,s2,我好（哇）比鱼儿吞了钩线，,396,415,333251314,我好（哇）比,鱼儿,吞了钩线，
,laosheng,erhuang,manban,x,我好（哇）比波浪中失舵的舟船（哪）。,416,433.5,33314114512,我好（哇）比,波浪中,失舵的舟船（哪）。
,laosheng,erhuang,manban,s2,思来想去我的肝肠断，,436,466,123435124,思来,想去我的,肝肠断，
,laosheng,erhuang,manban,x,今夜晚怎能够盼到明天。,500,530,1433244421,今夜晚,怎能够,盼到明天。
,laosheng,erhuang,yuanban,s1,心中有事难合眼，,592,614.5,1134223,心中,有事,难合眼，
,laosheng,erhuang,yuanban,x,翻来覆去睡不（哇）安。,616,638,1244441,翻来,覆去,睡不（哇）安。
,laosheng,erhuang,yuanban,s1,背地里只把东皋公怨，,654,678.5,443331114,背地里,只把,东皋公怨，
,laosheng,erhuang,yuanban,x,叫人难解巧机关，,680,689,4223311,叫人,难解,巧机关，
,laosheng,erhuang,yuanban,s2,若是真心来救我，,690,698.75,4411243,若是,真心,来救我，
,laosheng,erhuang,yuanban,x,为何几日他不言。,700,709,4234142,为何,几日,他不言。
,laosheng,erhuang,yuanban,s2,贪图富贵来害我，,710,718.5,1244243,贪图,富贵,来害我，
,laosheng,erhuang,yuanban,x,你就该把我献与昭关。,720,729,341334311,你就该,把我,献与昭关。
,laosheng,erhuang,yuanban,s2,哭一声爹娘不能相见，,730,738,141124214,哭一声,爹娘,不能相见，
,laosheng,erhuang,yuanban,k,不能（哪）哎见爹娘（兀）！,740,784,421412,不能（哪）哎见爹娘（兀）！,,
,laosheng,erhuang,yuanban,x,要相逢陈非是梦（兀）里团圆。,812,838,4122144322,要相逢,陈非是,梦（兀）里团圆。
,laosheng,erhuang,yuanban,s1,鸡鸣犬吠五更（哪）天，,860,904,1234311,鸡鸣,犬吠,五更（哪）天，
,laosheng,erhuang,yuanban,x,越思越想好伤惨，,922,930.5,4143313,越思,越想,好伤惨，
,laosheng,erhuang,yuanban,s2,想当初在朝为官宦，,932,940.5,31142214,想当初,在朝,为官宦，
,laosheng,erhuang,yuanban,x,朝臣待漏（哇）五更寒，,942,950.5,2244312,朝臣,待漏（哇）,五更寒，
,laosheng,erhuang,yuanban,s2,到如今夜宿在荒村院，,952,960,421444114,到如今,夜宿在,荒村院，
,laosheng,erhuang,yuanban,x,我冷冷清清向谁言（哪）。,961.5,1005,33311422,我冷冷,清清,向谁言（哪）。
,laosheng,erhuang,yuanban,s1,我本当拔宝剑自寻短见，,1022,1050,3312344234,我本当,拔宝剑,自寻短见，
,laosheng,erhuang,yuanban,k,寻短（哪）哎见爹娘（兀）！,1052,1084,231412,寻短（哪）哎见爹娘（兀）！,,
,laosheng,erhuang,yuanban,x,父母的冤仇化尘烟，,1112,1121,43512421,父母的,冤仇,化尘烟，
,laosheng,erhuang,yuanban,s2,对天发不宏誓愿，,1122,1130.5,4114244,对天,发不,宏誓愿，
,laosheng,erhuang,yuanban,x,我不杀平王我的心怎甘（哪）。,1131.5,1158,3412235131,我不杀,平王,我的心怎甘（哪）。
lseh-YiLunMing-WenZhaoGuan-2.xml,laosheng,erhuang,manban,s1,一轮明月照窗前，,36,94,4224412,一轮,明月,照窗前，
,laosheng,erhuang,manban,x,愁人心（呐）中似箭穿。,132,165,2211441,愁人,心（呐）中,似箭穿。
,laosheng,erhuang,manban,s1,实指望到吴国借兵回转，,180,220.5,2344224123,实指望,到吴国,借兵回转，
,laosheng,erhuang,manban,x,谁知昭关有阻拦。,224,241.5,2111332,谁知,昭关,有阻拦。
,laosheng,erhuang,manban,s2,幸遇那东皋公行方便，,244,260.5,444111214,幸遇那,东皋公,行方便，
,laosheng,erhuang,manban,x,他将我隐藏在后花园。,264,281.5,113324412,他将我,隐藏在,后花园。
,laosheng,erhuang,manban,s2,一连几天我的眉不（呃）展，,284,300.5,423135243,一连,几天我的,眉不（呃）展，
,laosheng,erhuang,manban,x,夜夜何曾得安眠。,304,317.5,4422212,夜夜,何曾,得安眠。
,laosheng,erhuang,manban,s2,俺伍员好一似丧家犬，,320,336.5,332324113,俺伍员,好一似,丧家犬，
,laosheng,erhuang,manban,x,满腹的含冤我向谁言（喏）。,340,353.5,345213422,满腹的,含冤我,向谁言（喏）。
,laosheng,erhuang,manban,s2,我好（呃）比哀哀长空雁，,356,372.5,33311314,我好（呃）比,哀哀,长空雁，
,laosheng,erhuang,manban,x,我好比龙游在浅沙滩。,376,393.5,333224311,我好比,龙游在,浅沙滩。
,laosheng,erhuang,manban,s2,我好（呃）比鱼儿吞了钩线，,396,415,333251314,我好（呃）比,鱼儿,吞了钩线，
,laosheng,erhuang,manban,x,我好（呃）比波浪中失舵的舟船（喏）。,416,433.5,33314114512,我好（呃）比,波浪中,失舵的舟船（喏）。
,laosheng,erhuang,manban,s2,思来想去我的肝肠断，,436,466,123435124,思来,想去我的,肝肠断，
,laosheng,erhuang,manban,x,今夜晚怎能够盼到明天。,500,530,1433244421,今夜晚,怎能够,盼到明天。
lseh-YiLunMing-ZhuoFangCao-1.xml,laosheng,erhuang,manban,s1,一轮明月照窗下，,36,92,4224414,一轮,明月,照窗下，
,laosheng,erhuang,manban,x,陈宫心（呐）中乱如麻，,132,164,2111422,陈宫,心（呐）中,乱如麻，
,laosheng,erhuang,manban,s1,悔不该心猿并意马。,176,1277/6,34112443,悔不该,心猿,并意马。
,laosheng,erhuang,manban,x,悔不该随他人到吕家，,216,233.5,341212431,悔不该,随他人,到吕家，
,laosheng,erhuang,manban,s2,吕伯奢可算得义气（呀）大，,236,1517/6,321342444,吕伯奢,可算得,义气（呀）大，
,laosheng,erhuang,manban,x,杀猪（喏）沽（哇）酒款待于他，,256,273.5,11133421,杀猪（喏）,沽（哇）酒,款待于他，
,laosheng,erhuang,manban,s2,又谁知此贼的疑心（呐）太（呀）大，,276,293.5,4213252144,又谁知,此贼的,疑心（呐）太（呀）大，
,laosheng,erhuang,manban,x,拔出剑将他的满门杀，,296,313.5,214115321,拔出剑,将他的,满门杀，
,laosheng,erhuang,manban,s2,一家人倶丧在宝剑之（喏）下，,316,333.5,4124443414,一家人,倶丧在,宝剑之（喏）下，
,laosheng,erhuang,manban,x,年迈的老丈命（呐）染黄沙。,336,349.5,245344321,年迈的,老丈,命（呐）染黄沙。
,laosheng,erhuang,manban,s2,屈死的冤鬼魂休来怨（呐）咱，,352,2213/6,1351321242,屈死的,冤鬼魂,休来怨（呐）咱，
,laosheng,erhuang,manban,x,自有那神灵（啊）天地鉴察。,372,416,434221442,自有那,神灵（啊）,天地鉴察。
,laosheng,erhuang,yuanban,s1,听谯楼打罢了二（喏）更鼓下，,478,500.5,1123434134,听谯楼,打罢了,二（喏）更鼓下，
,laosheng,erhuang,yuanban,x,越思越想把事来作差。,502,513,414334241,越思,越想,把事来作差。
,laosheng,erhuang,yuanban,s1,悔不该把家属一（呀）旦撇下，,520,542.5,3413132434,悔不该,把家属,一（呀）旦撇下，
,laosheng,erhuang,yuanban,x,悔不该弃县今抛却了乌（哇）纱，,544,553,34144414311,悔不该,弃县今,抛却了乌（哇）纱，
,laosheng,erhuang,yuanban,s2,我只说贼是个宽宏量大，,554,562.5,3312441244,我只说,贼是个,宽宏量大，
,laosheng,erhuang,yuanban,x,汉室后来贼是个惹祸的根芽。,564,583,444224434512,汉室,后来贼是个,惹祸的根芽。
,laosheng,erhuang,yuanban,s1,观此贼睡卧真（呐）潇洒，,656,678.75,13244113,观此贼,睡卧,真（呐）潇洒，
,laosheng,erhuang,yuanban,x,安眠好似井底之蛙，,680,689,12343311,安眠,好似,井底之蛙，
,laosheng,erhuang,yuanban,s2,贼好比蛟龙未生鳞甲，,690,698.5,233124123,贼好比,蛟龙,未生鳞甲，
,laosheng,erhuang,yuanban,x,贼好比猛虎未（呀）曾长牙，,700,709.5,233334232,贼好比,猛虎,未（呀）曾长牙，
,laosheng,erhuang,yuanban,s2,虎在笼中我不打，,710,720.75,3431343,虎在,笼中,我不打，
,laosheng,erhuang,yuanban,x,我岂肯放虎归山又（哇）把人抓。,722,748,33343114321,我岂肯,放虎归山,又（哇）把人抓。
,laosheng,erhuang,sanban,s,执宝剑将贼的（呀）头割下，,806,835,234125214,执宝剑,将贼的（呀）,头割下，
,laosheng,erhuang,sanban,x,险些儿把事（喏）又（哇）作差。,838,869,31534441,险些儿,把事（喏）,又（哇）作差。
lseh-YiLunMing-ZhuoFangCao-2.xml,laosheng,erhuang,sanyan,s1,一轮明月照窗下，,36,93,4224414,一轮,明月,照窗下，
,laosheng,erhuang,sanyan,x,陈宫心中乱如麻。,132,160,2111422,陈宫,心中,乱如麻。
,laosheng,erhuang,sanyan,s1,悔不该心猿并意马，,176,212,34112443,悔不该,心猿,并意马，
,laosheng,erhuang,sanyan,x,悔不该随他人到吕家。,216,232,341212431,悔不该,随他人,到吕家。
,laosheng,erhuang,sanyan,s2,吕伯奢可算得义气大，,236,252,321342444,吕伯奢,可算得,义气大，
,laosheng,erhuang,sanyan,x,杀猪沽酒款待与他。,256,272,11133431,杀猪,沽酒,款待与他。
,laosheng,erhuang,sanyan,s2,又谁知此贼的疑心太大，,276,292,4213252144,又谁知,此贼的,疑心太大，
,laosheng,erhuang,sanyan,x,拔出剑将他的满门杀。,296,312,214115321,拔出剑,将他的,满门杀。
,laosheng,erhuang,sanyan,s2,一家人倶丧在宝剑之下，,316,332.75,4124443414,一家人,倶丧在,宝剑之下，
,laosheng,erhuang,sanyan,x,年迈老丈命染黄沙。,336,348,24344321,年迈,老丈,命染黄沙。
,laosheng,erhuang,sanyan,s2,屈死的冤鬼魂休要怨咱，,352,368.5,1351321442,屈死的,冤鬼魂,休要怨咱，
,laosheng,erhuang,sanyan,x,自有那神灵儿天地鉴察。,372,413,4342251442,自有那,神灵儿,天地鉴察。
lseh-YiLunMing-ZhuoFangSuDian.xml,laosheng,erhuang,manban,s1,一轮明月照窗下，,12,69.5,4224414,一轮,明月,照窗下，
,laosheng,erhuang,manban,x,陈宫心（呐）中乱如麻，,108,138,2111422,陈宫,心（呐）中,乱如麻，
,laosheng,erhuang,manban,s1,悔不该心猿并意马，,152,188.5,34112443,悔不该,心猿,并意马，
,laosheng,erhuang,manban,x,悔不该随他人到吕家。,192,209.5,341212431,悔不该,随他人,到吕家。
,laosheng,erhuang,manban,s2,吕伯奢可算得义气（呀）大，,212,228.5,321342444,吕伯奢,可算得,义气（呀）大，
,laosheng,erhuang,manban,x,杀猪（喏）沽酒款待与他，,232,250,11133431,杀猪（喏）,沽酒,款待与他，
,laosheng,erhuang,manban,s2,又谁知此贼的疑心（呐）太（呀）大，,252,269,4213252144,又谁知,此贼的,疑心（呐）太（呀）大，
,laosheng,erhuang,manban,x,拔出剑将他的满门杀，,272,289.5,214115321,拔出剑,将他的,满门杀，
,laosheng,erhuang,manban,s2,一家人倶丧在宝剑之（喏）下，,292,309,4124443414,一家人,倶丧在,宝剑之（喏）下，
,laosheng,erhuang,manban,x,年迈的老丈命（呐）染黄沙。,312,325,245344321,年迈的,老丈,命（呐）染黄沙。
,laosheng,erhuang,manban,s2,屈死的怨鬼魂休要怨（呐）咱，,328,344.5,1354321442,屈死的,怨鬼魂,休要怨（呐）咱，
,laosheng,erhuang,manban,x,自有那神灵儿天地鉴察。,348,389,4342251442,自有那,神灵儿,天地鉴察。
lseh-ZenNengGou-BaDaChui.xml,laosheng,erhuang,yuanban,s1,怎能够思一计番营来进，,0,15,3241241224,怎能够,思一计,番营来进，
,laosheng,erhuang,yuanban,x,前后话对文龙细说衷情。,17,26,2444224112,前后话,对文龙,细说衷情。
,laosheng,erhuang,yuanban,s1,前也思（喏）后又想无有计定，,27,50,2314432344,前也思（喏）,后又想,无有计定，
,laosheng,erhuang,yuanban,x,倒不如上公安观看古今。,51,63,4424111431,倒不如,上公安,观看古今。
lseh-ZiNaRi-HongYangDong.xml,laosheng,erhuang,kuaisanyan,s1,自（喏）那日朝罢归身（呐）染重病，,12,49.75,4442411344,自（喏）那日,朝罢归,身（呐）染重病，
,laosheng,erhuang,kuaisanyan,x,三更时梦（呃）见（呐）了年迈爹尊（呐）。,52,89,1124432411,三更时,梦（呃）见（呐）了,年迈爹尊（呐）。
,laosheng,erhuang,kuaisanyan,s1,我前番命孟良骸骨搬（呐）请，,104,140.5,3214422313,我前番,命孟良,骸骨搬（呐）请，
,laosheng,erhuang,kuaisanyan,x,那乃是萧天佐以（呀）假成真；,144,162,4341133321,那乃是,萧天佐,以（呀）假成真；
,laosheng,erhuang,kuaisanyan,s2,二次（喏）里命孟良番营来进，,164,181,4434421224,二次（喏）里,命孟良,番营来进，
,laosheng,erhuang,kuaisanyan,x,又谁知焦克明他私（呀）自后跟（呐），,184,201.5,42114211441,又谁知,焦克明他,私（呀）自后跟（呐），
,laosheng,erhuang,kuaisanyan,s2,老军报他二人在洪洋（呃）洞丧（呃）命，,204,221,314142422444,老军报,他二人在,洪洋（呃）洞丧（呃）命，
,laosheng,erhuang,kuaisanyan,x,去了我左右膀难以飞行。,224,241,4333432312,去了我,左右膀,难以飞行。
,laosheng,erhuang,kuaisanyan,s2,为此事终（啊）日里忧成疾病，,244,261,4341431224,为此事,终（啊）日里,忧成疾病，
,laosheng,erhuang,kuaisanyan,x,因此上臣的病重（呃）加十分、千岁爷呀！,264,317,13425441211421,因此上,臣的病,重（呃）加十分、千岁爷呀！
lsxp-CiShiJian-HuaiHeYing-1.xml,laosheng,xipi,liushui,s,此时间不可闹笑话，,8,15,32143444,此时间,不可,闹笑话，
,laosheng,xipi,liushui,x,胡言乱语怎瞒（呐）咱。,16.5,22.5,2243322,胡言,乱语,怎瞒（呐）咱。
,laosheng,xipi,liushui,s,在长安是你夸大话，,23,30,43143144,在长安,是你,夸大话，
,laosheng,xipi,liushui,x,为什么事到如今耍奸滑。,30.5,36,4254421312,为什么,事到如今,耍奸滑。
,laosheng,xipi,liushui,s,左手拉住了李左车，,37.5,43,33143331,左手,拉住了,李左车，
,laosheng,xipi,liushui,x,右手再把栾布拉。,44.5,50,4343241,右手,再把,栾布拉。
,laosheng,xipi,liushui,s,三人同把那鬼门关上踏（啊），,51.5,85,1223432144,三人同,把那鬼,门关上踏（啊），
,laosheng,xipi,sanban,x,生死二字（喏）且由他。,107,124,1344321,生死,二字（喏）,且由他。
lsxp-CiShiJian-HuaiHeYing-2.xml,laosheng,xipi,liushui,s,此时间不可闹笑话，,10,18,32143444,此时间,不可,闹笑话，
,laosheng,xipi,liushui,x,胡言乱语怎瞒（呐）咱！,18.5,24,2243322,胡言,乱语,怎瞒（呐）咱！
,laosheng,xipi,liushui,s,在长安是你夸大话，,25,32,43143144,在长安,是你,夸大话，
,laosheng,xipi,liushui,x,为什么事到如今耍奸滑？,32.5,38,4254421312,为什么,事到如今,耍奸滑？
,laosheng,xipi,liushui,s,左手拉住了李左车，,39.5,46,33143331,左手,拉住了,李左车，
,laosheng,xipi,liushui,x,右手再把栾布拉，,46.5,52,4343241,右手,再把,栾布拉，
,laosheng,xipi,liushui,s,三人同把那鬼门关上爬，,53.5,86,1223432142,三人同,把那鬼,门关上爬，
,laosheng,xipi,sanban,x,生死二字（喏）且由他！,114,133,1344321,生死,二字（喏）,且由他！
lsxp-DaHeYi-SiLangTanMu.xml,,,,,Part 1,,,,Part 1,,
,laosheng,xipi,yaoban,s,大喝一声（哪）如雷震，,10,25,4441224,大喝,一声（哪）,如雷震，
,laosheng,xipi,kuaiban,x,杨家将令鬼神惊。,37,43,2144321,杨家,将令,鬼神惊。
,laosheng,xipi,kuaiban,s,迈步且把宝帐（呀）进，,44,61,4433344,迈步,且把,宝帐（呀）进，
,laosheng,xipi,kuaiban,x,上面（哪）坐的同胞人。,73,79,4445212,上面（哪）,坐的,同胞人。
,laosheng,xipi,kuaiban,s,弟兄们分别十五春，,80.5,86,41512231,弟兄们,分别,十五春，
,laosheng,xipi,kuaiban,x,怎知今日回宋营。,87.5,93,3114242,怎知,今日,回宋营。
,laosheng,xipi,kuaiban,s,将身站在了阶前等，,94,100,11443123,将身,站在了,阶前等，
,laosheng,xipi,kuaiban,x,问我一言答一声。,101,109,4342241,问我,一言,答一声。
,laosheng,xipi,kuaiban,s,家住后山磁州郡，,168,174,1441214,家住,后山,磁州郡，
,laosheng,xipi,kuaiban,x,火堪寨上有家门。,175.5,181,3144312,火堪,寨上,有家门。
,laosheng,xipi,kuaiban,s,我父令公官极品，,182.5,188,3441123,我父,令公,官极品，
,laosheng,xipi,kuaiban,x,我母佘氏老太君。,189.5,195,3324341,我母,佘氏,老太君。
,laosheng,xipi,kuaiban,s,十五年前沙滩会，,196.5,202,2322114,十五,年前,沙滩会，
,laosheng,xipi,kuaiban,x,失落番邦被贼擒。,203.5,209,1411422,失落,番邦,被贼擒。
,laosheng,xipi,kuaiban,s,六弟下位把兄认，,210,216,4444314,六弟,下位,把兄认，
,laosheng,xipi,kuaiban,x,我是你四哥回宋营。,217,225,34341242,我是你,四哥,回宋营。
,laosheng,xipi,kuaiban,x,弟兄对坐叙寒温。,292,301,4144421,弟兄,对坐,叙寒温。
,,,,,Part 2,,,,Part 2,,
,laosheng,xipi,kuaiban,s,本帅帐中用目睁，,110,116,3441441,本帅,帐中,用目睁，
,laosheng,xipi,kuaiban,x,见一番汉帐中行。,117.5,123,4414412,见一,番汉,帐中行。
,laosheng,xipi,kuaiban,s,龙行虎步非凡等，,124.5,130,2234123,龙行,虎步,非凡等，
,laosheng,xipi,kuaiban,x,灯光之下看不真。,131.5,137,1114441,灯光,之下,看不真。
,laosheng,xipi,kuaiban,s,本帅开言把他问，,138.5,144,3412314,本帅,开言,把他问，
,laosheng,xipi,kuaiban,x,你是番邦什么人？,145.5,151,3411252,你是,番邦,什么人？
,laosheng,xipi,kuaiban,s,家住哪州并哪郡？,152,158,1431434,家住,哪州,并哪郡？
,laosheng,xipi,kuaiban,x,要见本帅为何情？,159,167,4434422,要见,本帅,为何情？
,laosheng,xipi,kuaiban,s,听罢言来才知情，,226,232,1422212,听罢,言来,才知情，
,laosheng,xipi,kuaiban,x,原来四哥回宋营。,233.5,239,2241242,原来,四哥,回宋营。
,laosheng,xipi,kuaiban,s,众将与爷忙掩（哪）门，,240,250,4432232,众将,与爷,忙掩（哪）门，
,laosheng,xipi,yaoban,x,自己骨肉认不清。,263,270,4334441,自己,骨肉,认不清。
,laosheng,xipi,yaoban,s,走上前来忙松捆，,278,285,3422213,走上,前来,忙松捆，
lsxp-HenPingWang-WenZhaoGuan.xml,laosheng,xipi,yuanban,s,恨平王无道乱楚宫（兀），,15,29,42224431,恨平王,无道,乱楚宫（兀），
,laosheng,xipi,yuanban,x,父纳子（呃）妻礼难容，,43,52,4431322,父纳,子（呃）妻,礼难容，
,laosheng,xipi,yuanban,s,我的（呀）父谏奏反把命（哪）送，,53,66,354443344,我的（呀）父,谏奏,反把命（哪）送，
,laosheng,xipi,yuanban,x,满门的家着血染红。,67,79,32512432,满门的,家着,血染红。
lsxp-JiangShenEr-SanJiaDian.xml,laosheng,xipi,liushui,s,将身儿来至在大街口，,11,18,312244413,将身儿,来至在,大街口，
,laosheng,xipi,liushui,x,尊一声过往的宾朋听从头：,19.5,25,14143512122,尊一声,过往的宾朋,听从头：
,laosheng,xipi,liushui,s,一不是响马与贼寇，,26.5,32,12433324,一不是,响马,与贼寇，
,laosheng,xipi,liushui,x,二不是歹人（呐）把城偷。,33.5,39,42432321,二不是,歹人（呐）,把城偷。
,laosheng,xipi,liushui,s,杨林与我来争斗，,40.5,46,2233214,杨林,与我,来争斗，
,laosheng,xipi,liushui,x,因此上发配到登州。,47.5,53,13414411,因此上,发配,到登州。
,laosheng,xipi,liushui,s,舍不得太爷的恩情厚，,54.5,61.5,342425124,舍不得,太爷的,恩情厚，
,laosheng,xipi,liushui,x,舍不得衙役们众班头。,62.5,68,342245412,舍不得,衙役们,众班头。
,laosheng,xipi,liushui,s,实难舍街坊四邻与我的好朋友，,69,75.5,2231342335323,实难舍,街坊四邻,与我的好朋友，
,laosheng,xipi,liushui,x,舍不得老娘（呃）白了头。,76.5,82,34232232,舍不得,老娘（呃）,白了头。
,laosheng,xipi,liushui,s,娘生儿连心肉，,83,88,212214,娘生儿,,连心肉，
,laosheng,xipi,liushui,x,儿行千里母担忧。,89.5,95,2213311,儿行,千里,母担忧。
,laosheng,xipi,liushui,s,儿想娘亲难叩首，,96.5,102,2321243,儿想,娘亲,难叩首，
,laosheng,xipi,liushui,x,娘想儿来泪双流。,103.5,109,2322412,娘想,儿来,泪双流。
,laosheng,xipi,liushui,s,眼见得红日坠落在西山后，,109.5,116,34224444114,眼见得,红日,坠落在西山后，
,laosheng,xipi,liushui,x,叫一声解差把店役。,117.5,126,44121344,叫一声,解差,把店役。
lsxp-JianMaSu-ZhanMaSu.xml,laosheng,xipi,kuaiban,s,见马谡（唩）跪帐下，,10,15,434444,见马谡（唩）,,跪帐下，
,laosheng,xipi,kuaiban,x,不由老夫咬钢牙，,16.5,22,4231312,不由,老夫,咬钢牙，
,laosheng,xipi,kuaiban,s,大胆不听我的话，,23,29,4341354,大胆,不听,我的话，
,laosheng,xipi,kuaiban,x,失去了街亭差不差。,30,40,14312141,失去了,街亭,差不差。
lsxp-LiangGuoJiao-ShiJieTing-1.xml,laosheng,xipi,yuanban,s,两国交（哇）锋龙虎斗，,16,26,3211234,两国,交（哇）锋,龙虎斗，
,laosheng,xipi,yuanban,x,各为其主统貔貅，,42,54,4423321,各为,其主,统貔貅，
,laosheng,xipi,yuanban,s,管待三（哪）军要宽厚，,68,78,3411414,管待,三（哪）军,要宽厚，
,laosheng,xipi,yuanban,x,赏罚中公（呃）平莫要自由。,94,106.5,321124442,赏罚中,公（呃）平,莫要自由。
,laosheng,xipi,yuanban,s,此一番领兵去镇守，,120,129.5,34131443,此一番,领兵,去镇守，
,laosheng,xipi,yuanban,x,靠山近水把营收。,146,160,4143321,靠山,近水,把营收。
lsxp-LiangGuoJiao-ShiJieTing-2.xml,laosheng,xipi,yuanban,s,两国交锋龙虎斗，,17,28,3211234,两国,交锋,龙虎斗，
,laosheng,xipi,yuanban,x,各为其（呀）主统貔貅。,43,56,4423321,各为,其（呀）主,统貔貅。
,laosheng,xipi,yuanban,s,管带三（呐）军要宽厚，,69,80,3411414,管带,三（呐）军,要宽厚，
,laosheng,xipi,yuanban,x,赏罚中公（呃）平莫要自由。,95,108,321124442,赏罚中,公（呃）平,莫要自由。
,laosheng,xipi,yuanban,s,此一番领（呃）兵去镇守，,121,132,34131443,此一番,领（呃）兵,去镇守，
,laosheng,xipi,yuanban,x,靠山近水把营收。,147,162,4143321,靠山,近水,把管收。
lsxp-QingGongYan-FaDongWu.xml,laosheng,xipi,yuanban,s,庆功宴上把酒饮，,0,9,4144333,庆功,宴上,把酒饮，
,laosheng,xipi,yuanban,x,想起桃园结拜情。,10,22,3322242,想起,桃园,结拜情。
,laosheng,xipi,yuanban,s,弟兄们创业多艰难，,23,38,41544112,弟兄们,创业,多艰难，
,laosheng,xipi,yuanban,x,又谁知中途两离分。,39,54,42112321,又谁知,中途,两离分。
lsxp-ShenGongWu-LongFengChengXiang.xml,laosheng,xipi,yuanban,s,深宫无（哇）处不飞花，,16,29,1124411,深宫,无（哇）处,不飞花，
,laosheng,xipi,yuanban,x,年老得配女娇娃。,46,58,2324312,年老,得配,女娇娃。
,laosheng,xipi,yuanban,s,朝欢暮乐无牵挂，,72,87,1144214,朝欢,暮乐,无牵挂，
,laosheng,xipi,yuanban,x,耳听笙歌闹喧哗。,100,113,3111412,耳听,笙歌,闹喧哗。
lsxp-TingTaYan-ZhuoFangCao-1.xml,laosheng,xipi,manban,s,听他言吓得我心（呐）惊胆怕，,34,64,1124231134,听他言,吓得我,心（呐）惊胆怕，
,laosheng,xipi,manban,x,背转身只埋怨我自（呃）己作差，,94,120,43132434341,背转身,只埋怨,我自（呃）己作差，
,laosheng,xipi,manban,s,我先前只望他宽宏量（呃）大，,146,168,3123411244,我先前,只望他,宽宏量（呃）大，
,laosheng,xipi,manban,x,却原（呐）来贼是个无（哇）义（呀）的冤家！,202,224,42224424511,却原（呐）来,贼是个,无（哇）义（呀）的冤家！
,laosheng,xipi,manban,s,马行在来道内我难（呐）以回（呀）马，,226,276,32424432323,马行在,来道内,我难（呐）以回（呀）马，
,laosheng,xipi,manban,x,这才是花随水水不（哇）能恋（呐）花。,306,329,42412334241,这才是,花随水,水不（哇）能恋（呐）花。
,laosheng,xipi,manban,s,这时候我只得暂且忍耐在心下，,330,368,4243324334414,这时候,我只得,暂且忍耐在心下，
,laosheng,xipi,manban,x,既同行共（呃）大事必须要劝解于他（呀呃）。,402,426,4224444144321,既同行,共（呃）大事,必须要劝解于他（呀呃）。
lsxp-TingTaYan-ZhuoFangCao-2.xml,laosheng,xipi,sanyan,s,听他言吓得我心（呐）惊胆怕，,32,62,1124231134,听他言,吓得我,心（呐）惊胆怕，
,laosheng,xipi,sanyan,x,背转身自埋怨我自（呃）已做差。,92,118,43142434341,背转身,自埋怨,我自（呃）已做差。
,laosheng,xipi,sanyan,s,我先前只望他宽宏量（呃）大，,144,166,3123411244,我先前,只望他,宽宏量（呃）大，
,laosheng,xipi,sanyan,x,却愿（呐）来贼是个无（哇）义（呀）的冤家！,200,222,44224424511,却愿（呐）来,贼是个,无（哇）义（呀）的冤家！
,laosheng,xipi,sanyan,s,马行在来道内我难（呐）以回（呀）马，,224,274,32424432323,马行在,来道内,我难（呐）以回（呀）马，
,laosheng,xipi,sanyan,x,这才是花随水水不（哇）能恋（呐）花。,304,326,42412334241,这才是,花随水,水不（哇）能恋（呐）花。
,laosheng,xipi,sanyan,s,这时候我只得暂且忍耐在心下，,328,366,4243324334414,这时候,我只得,暂且忍耐在心下，
,laosheng,xipi,sanyan,x,既同行共（呃）大事必须要劝解于他（呀呃）。,400,424,4224444144321,既同行,共（呃）大事,必须要劝解于他（呀呃）。
lsxp-WeiCengKai-QiYuanBao.xml,laosheng,xipi,liushui,s,未曾开言泪汪汪，,10,16,4212411,未曾,开言,泪汪汪，
,laosheng,xipi,liushui,x,尊一声太爷听端详。,17.5,23,14142112,尊一声,太爷,听端详。
,laosheng,xipi,liushui,s,家住在南阳太平庄，,24.5,29,14422421,家住在,南阳,太平庄，
,laosheng,xipi,liushui,x,姓刘名安字世昌。,30.5,36,4221441,姓刘,名安,字世昌。
,laosheng,xipi,liushui,s,奉母命京城往，,37.5,42,434123,奉母命,,京城往，
,laosheng,xipi,liushui,x,贩卖绸缎转还乡。,43.5,49,4424321,贩卖,绸缎,转还乡。
,laosheng,xipi,liushui,s,行至在中途把雨降，,49.5,55,24412334,行至在,中途,把雨降，
,laosheng,xipi,liushui,x,借宿一宵起祸殃。,56.5,62,4441341,借宿,一宵,起祸殃。
,laosheng,xipi,liushui,s,赵大夫妻图财害命害我一命亡，,63,69,4411224443242,赵大夫妻,图财害命,害我一命亡，
,laosheng,xipi,liushui,x,望求太爷与我作主张（啊）。,69.5,80,424233431,望求,太爷,与我作主张（啊）。
lsxp-WoBenShi-KongChengJi-1.xml,laosheng,xipi,manban,s,我本是卧龙岗散淡（哪）的人，,32,62,3344233452,我本是,卧龙岗,散淡（哪）的人，
,laosheng,xipi,manban,x,论阴阳如反掌保定乾坤。,96,120,4122333421,论阴阳,如反掌,保定乾坤。
,laosheng,xipi,manban,s,先帝（呀）爷下南阳御（呀）驾三请，,148,192,1424224413,先帝（呀）爷,下南阳,御（呀）驾三请，
,laosheng,xipi,manban,x,算就了汉家的业鼎足（哇）三分。,224,246,44341543211,算就了,汉家的业,鼎足（哇）三分。
,laosheng,xipi,manban,s,官封到武乡侯（哇）执掌帅印，,276,312,1143122344,官封到,武乡侯（哇）,执掌帅印，
,laosheng,xipi,manban,x,东西战南北剿博古通（呃）今。,344,363,1142332311,东西战,南北剿,博古通（呃）今。
,laosheng,xipi,manban,s,周文王访姜尚周室大振，,392,422,1223141444,周文王,访姜尚,周室大振，
,laosheng,xipi,manban,x,俺诸（喏）葛怎比得前辈（呀）的先（哪）生。,456,474,31333224511,俺诸（喏）葛,怎比得,前辈（呀）的先（哪）生。
,laosheng,xipi,manban,s,闲无（哇）事在敌楼（哇）我亮（呃）一亮琴（哪）音，,476,514,224422342421,闲无（哇）事,在敌楼（哇）,我亮（呃）一亮琴（哪）音，
,laosheng,xipi,yuanban,x,我面前缺少个知（呃）音的人。,571,583,3421341152,我面前,缺少个,知（呃）音的人。
lsxp-WoBenShi-KongChengJi-2.xml,laosheng,xipi,sanyan,s,我本是卧龙岗散淡（呐）的人，,32,63,3344233452,我本是,卧龙岗,散淡（呐）的人，
,laosheng,xipi,sanyan,x,凭阴阳如反掌保定乾坤。,96,118,2122333421,凭阴阳,如反掌,保定乾坤。
,laosheng,xipi,sanyan,s,先帝（呀）爷下南阳（呃）御驾三（呃）请，,148,192,1424224413,先帝（呀）爷,下南阳（呃）,御驾三（呃）请，
,laosheng,xipi,sanyan,x,算就了汉家的业鼎足（呃）三分。,224,247,44341543211,算就了,汉家的业,鼎足（呃）三分。
,laosheng,xipi,sanyan,s,官封到武乡侯（呃）执掌帅印，,276,310,1143122344,官封到,武乡侯（呃）,执掌帅印，
,laosheng,xipi,sanyan,x,东西战南北剿博古（呃）通（哦）今。,344,367,1142332311,东西战,南北剿,博古（呃）通（哦）今。
,laosheng,xipi,sanyan,s,周文王访姜尚周室大振，,396,427,1223141444,周文王,访姜尚,周室大振，
,laosheng,xipi,sanyan,x,我诸葛怎比得前辈（呃）的先（呃）生。,460,478,31333224511,我诸葛,怎比得,前辈（呃）的先（呃）生。
,laosheng,xipi,sanyan,s,闲无（呃）事在敌楼（呃）我亮一亮琴（呢）音，,480,518,224422342421,闲无（呃）事,在敌楼（呃）,我亮一亮琴（呢）音，
,laosheng,xipi,yuanban,x,我面前却少个知（呃）音的人。,569,582,3424341152,我面前,却少个,知（呃）音的人。
lsxp-WoZhuYe-ZhuiHanXin.xml,laosheng,xipi,liushui,s,我主爷起义在芒砀，,10,17,33234424,我主爷,起义,在芒砀，
,laosheng,xipi,liushui,x,拔剑斩蛇天下扬。,18.5,24,2432142,拔剑,斩蛇,天下扬。
,laosheng,xipi,liushui,s,怀王也曾把旨降，,25.5,31,2232334,怀王,也曾,把旨降，
,laosheng,xipi,liushui,x,两路分（呐）兵定咸阳。,32.5,38,3411422,两路,分（呐）兵,定咸阳。
,laosheng,xipi,liushui,s,先进咸阳为皇上，,39.5,44,1422224,先进,咸阳,为皇上，
,laosheng,xipi,liushui,x,后进咸阳扶保在朝纲。,45.5,51,442223421,后进,咸阳,扶保在朝纲。
,laosheng,xipi,liushui,s,也是我主洪福广，,52.5,58,3433223,也是,我主,洪福广，
,laosheng,xipi,liushui,x,一路上得遇陆贾、郦生与张良。,59.5,66,244244341312,一路上,得遇陆贾、郦生,与张良。
,laosheng,xipi,liushui,s,一路上秋毫无犯军威壮，,67.5,73,2441224114,一路上,秋毫无犯,军威壮，
,laosheng,xipi,liushui,x,我也曾约法定过三章。,74.5,80,332134411,我也曾,约法,定过三章。
,laosheng,xipi,liushui,s,项羽不遵怀王约，,81.5,87,4341221,项羽,不遵,怀王约，
,laosheng,xipi,liushui,x,反将我主贬汉王。,88.5,94,3133342,反将,我主,贬汉王。
,laosheng,xipi,liushui,s,今日里萧何荐良将，,95.5,101,14312421,今日里,萧何,荐良将，
,laosheng,xipi,liushui,x,但愿得言听计从重整汉家邦、一同回故乡。,102.5,111,44221422341142241,但愿得,言听计从重整汉家邦、,一同回故乡。
,laosheng,xipi,liushui,s,撩袍端带我把金殿上，,112.5,120,221433144,撩袍端,带我,把金殿上，
,laosheng,xipi,yaoban,x,扬尘舞蹈见大王。,132,148,2233442,扬尘,舞蹈,见大王。
lsxp-YiShiWu-YuCangJian.xml,laosheng,xipi,yuanban,s,一事无成两鬓斑，,12,28,2422341,一事,无成,两鬓斑，
,laosheng,xipi,yuanban,x,叹光明一去不回还（呐）；,40,52,41224422,叹光明,一去,不回还（呐）；
,laosheng,xipi,yuanban,s,日月轮流催晓（哇）箭，,62,71,4422134,日月,轮流,催晓（哇）箭，
,laosheng,xipi,yuanban,x,靠山绿（哇）水常在面前。,84,96,41432442,靠山,绿（哇）水,常在面前。
,laosheng,xipi,yuanban,s,恨平王无道纲常乱，,106,116,42224124,恨平王,无道,纲常乱，
,laosheng,xipi,yuanban,x,信用无极狗奸谗。,128,140,4422312,信用,无极,狗奸谗。
,laosheng,xipi,yuanban,s,他害我满门（呐）真悲惨，,150,170,14332113,他害我,满门（呐）,真悲惨，
,laosheng,xipi,yuanban,x,我与奸贼不共戴天！,182,194,33122441,我与,奸贼,不共戴天！
,laosheng,xipi,yuanban,s,实指（喏）望到吴国借兵（呐）转，,204,215.5,234422413,实指（喏）望,到吴国,借兵（呐）转，
,laosheng,xipi,kuaiban,x,行至在昭关有阻拦。,216.5,222,24411332,行至在,昭关,有阻拦。
lsxp-YiZhuangZhuang-QunYingHui.xml,laosheng,xipi,kuaiban,s,一桩桩一件件倶已办就，,0,8,4112444344,一桩桩,一件件,倶已办就，
,laosheng,xipi,kuaiban,x,请先生到江边即刻登舟。,9,17,3114112411,请先生,到江边,即刻登舟。
lsxp-ZhangGongDao-ZhuangYuanPu.xml,laosheng,xipi,kuaisanyan,s,张公道三十五六（哇）子有靠，,34,60,1141234334,张公道,三十五,六（哇）子有靠，
,laosheng,xipi,kuaisanyan,x,陈伯愚年半百无有后苗。,94,120,2222432342,陈伯愚,年半百,无有后苗。
,laosheng,xipi,kuaisanyan,s,为（呀）儿（啼）女我也曾朝山拜庙，,146,172,4233321144,为（呀）儿（啼）女,我也曾,朝山拜庙，
,laosheng,xipi,kuaisanyan,x,为儿（喏）女我也曾补路修桥。,206,228,4233323412,为儿（喏）女,我也曾,补路修桥。
,laosheng,xipi,kuaisanyan,s,怕将（呃）来老天爷无（哇）有果报，,230,264,4123122334,怕将（呃）来,老天爷,无（哇）有果报，
,laosheng,xipi,kuaisanyan,x,眼睁（呐）睁有何人去（呀）把纸烧。,266,292,3113224331,眼睁（呐）睁,有何人,去（呀）把纸烧。
lsxp-ZheYiFeng-DingJunShan.xml,laosheng,xipi,liushui,s,这一封（呃）书信来得巧，,12,19,44114223,这一封（呃）,书信,来得巧，
,laosheng,xipi,liushui,x,天助黄忠成功劳。,20.5,26,1421212,天助,黄忠,成功劳。
,laosheng,xipi,liushui,s,站立在营门三军叫，,27.5,32,44422114,站立在,营门,三军叫，
,laosheng,xipi,liushui,x,大小儿郎听根苗，,33.5,39,4322112,大小,儿郎,听根苗，
,laosheng,xipi,liushui,s,头通（呃）鼓紧战袍，,41,47,213342,头通（呃）鼓,,紧战袍，
,laosheng,xipi,liushui,x,三通鼓刀出鞘四通（呃）鼓把兵交。,49,63,113114413311,三通鼓,刀出鞘四通（呃）鼓,把兵交。
,laosheng,xipi,liushui,s,向前各各有赏犒，,65,71,4244334,向前,各各,有赏犒，
,laosheng,xipi,liushui,x,退后的项上吃一刀。,73,79,44544141,退后的,项上,吃一刀。
,laosheng,xipi,liushui,s,三军与（呀）爷归营号，,81,92,1132124,三军,与（呀）爷,归营号，
,laosheng,xipi,sanban,x,到明天午时三刻要成功劳。,106,128,42132144212,到明天,午时三刻,要成功劳。
lsxp-ZiCongQian-ZhuLianZhai.xml,laosheng,xipi,yuanban,s,自从千岁离朝后，,0,9,4214224,自从,千岁,离朝后，
,laosheng,xipi,yuanban,x,满朝中文武臣泪双流。,10,22,321232412,满朝中,文武臣,泪双流。
,laosheng,xipi,yuanban,s,为千岁懒把朝房走，,23,42,41433223,为千岁,懒把,朝房走，
,laosheng,xipi,yuanban,x,为千岁懒观五凤楼。,43,54,41431342,为千岁,懒观,五凤楼。
,laosheng,xipi,yuanban,s,山高路远少来问候，,55,70,11433244,山高,路远,少来问候，
,laosheng,xipi,yuanban,x,望千岁恕学生礼貌不周。,71,84,4144213441,望千岁,恕学生,礼貌不周。
lsxp-ZiGuDao-HuangHeLou.xml,laosheng,xipi,yuanban,s,自古道吉人有天相，,0,9,43422314,自古道,吉人,有天相，
,laosheng,xipi,yuanban,x,主公不必加愁肠。,10,22,3124122,主公,不必,加愁肠。
,laosheng,xipi,yuanban,s,曾记得当年赴河梁，,23,32,24212422,曾记得,当年,赴河梁，
,laosheng,xipi,yuanban,x,二将军保架过长江。,33,44,41134431,二将军,保架,过长江。
,laosheng,xipi,yuanban,s,今日主公把宴上，,45,58,1431344,今日,主公,把宴上，
,laosheng,xipi,yuanban,x,四将军保架料也无妨。,59,72,411344322,四将军,保架,料也无妨。
lsxp-ZouYingLong-DaYanSong.xml,laosheng,xipi,liushui,s,忽听得万岁宣应龙，,10,15,11244142,忽听得,万岁,宣应龙，
,laosheng,xipi,liushui,x,在朝房来了我这保国忠。,15.5,19,4222334321,在朝房,来了我这,保国忠。
,laosheng,xipi,liushui,s,那一日打从大街进，,20,25,42432414,那一日,打从,大街进，
,laosheng,xipi,liushui,x,偶遇见小小的顽童放悲声，,26,31,34433522411,偶遇见,小小的顽童,放悲声，
,laosheng,xipi,liushui,s,我问顽童啼哭因何故，,31.75,36,342221124,我问顽童,啼哭,因何故，
,laosheng,xipi,liushui,x,他言道严嵩老贼害他的举家一满门。,37,47.5,124213241531432,他言道,严嵩老贼害他的举家,一满门。
,laosheng,xipi,liushui,s,我劝顽童你休流泪，免悲声，邹老爷就是尔的报仇人。,47.75,59,342231243111324435422,我劝顽童,你休流泪，免悲声，邹老爷就是,尔的报仇人。
,laosheng,xipi,liushui,x,站立在殿角用目来观定，,60.5,66,4444344214,站立在,殿角,用目来观定，
,laosheng,xipi,liushui,s,上面坐的是有道君，,67,70,44454341,上面,坐的是,有道君，
,laosheng,xipi,liushui,x,那一旁坐的就是严阁老，,70.5,76,4424544223,那一旁,坐的就是,严阁老，
,laosheng,xipi,liushui,s,他本是我朝中上欺天子下压臣谋朝篡位卖国的奸贼他名叫严嵩，,77,90,134321411341222444251212421,他本是,我朝中上欺天子下压臣谋朝篡位卖国的奸贼他,名叫严嵩，
,laosheng,xipi,liushui,x,我本当金（哪）殿奏一本怎奈我官卑职小不能够参大臣。,90.5,103,331144433431123424142,我本当,金（哪）殿奏一本怎奈我官卑职小不能够,参大臣。
,laosheng,xipi,liushui,s,罢、罢、罢，暂且忍却我的心头恨，,104,110,444433435124,罢、罢、罢，,暂且忍,却我的心头恨，
,laosheng,xipi,liushui,x,在品级台（呀）前臣见君。,110.5,124,43222241,在品级,台（呀）前,臣见君。
lsxp-ZuoRiLi-YuanMenZhanZi.xml,laosheng,xipi,kuaiban,s,昨日里斩八将头挂营外，,7,15,2433142424,昨日里,斩八将,头挂营外，
,laosheng,xipi,kuaiban,x,老娘亲为什么不讲情来？,16,24,3214254322,老娘亲,为什么,不讲情来？
,laosheng,xipi,kuaiban,s,今日里斩宗保娘把儿怪，,25,33,1433132324,今日里,斩宗保,娘把儿怪，
,laosheng,xipi,kuaiban,x,哭啼啼坐宝帐所为何来。,34,42,1224343422,哭啼啼,坐宝帐,所为何来。
,laosheng,xipi,yaoban,s,叫焦赞将宝剑悬挂帐外，,45,77,4141342444,叫焦赞,将宝剑,悬挂帐外，
,laosheng,xipi,yaoban,x,老娘亲再讲情儿自刎头来。,89,105,32143224322,老娘亲,再讲情儿,自刎头来。
sdeh-WenSanNiang-SanNiangJiaoZi.xml,,,,,Part 1,,,,Part 1,,
,laosheng,erhuang,yuanban,x,问三娘发雷霆却是为何？,17,28,4121224442,问三娘,发雷霆,却是为何？
,,,,,Part 2,,,,Part 2,,
,dan,erhuang,yuanban,s1,老薛保你不必苦哀告，,37,57.5,313324314,老薛保,你不必,苦哀告，
,dan,erhuang,yuanban,x,背转身来哭嚎啕。,59,65.5,4312122,背转,身来,哭嚎啕。
,dan,erhuang,yuanban,s2,实指望教训他终身有靠，,67,75.5,2344411134,实指望,教训他,终身有靠，
,dan,erhuang,yuanban,x,又谁知平白的闪跌一跤。,77,91,4212253141,又谁知,平白的,闪跌一跤。
sdxp-DangNianHan-SanJiZhang.xml,,,,,Part 1,,,,Part 1,,
,laosheng,xipi,kuaiban,s,登台拜帅是韩信，,37,43,1244424,登台,拜帅,是韩信，
,laosheng,xipi,kuaiban,x,未央宫斩的是何人？,44,51,41135422,未央宫,斩的,是何人？
,laosheng,xipi,kuaiban,s,小奴才真个不孝顺，,68,76,32214244,小奴才,真个,不孝顺，
,laosheng,xipi,kuaiban,x,仙女嫁的又是何人？,76.5,84,13454422,仙女,嫁的,又是何人？
,laosheng,xipi,kuaiban,s,我的儿说话言不逊，,100,107,35214224,我的儿,说话,言不逊，
,laosheng,xipi,kuaiban,x,句句话儿伤父心。,108.5,116,4442141,句句,话儿,伤父心。
,laosheng,xipi,kuaiban,s,要退、要退、偏要退！,132,138.5,4444144,要退、,要退、,偏要退！
,,,,,Part 2,,,,Part 2,,
,dan,xipi,kuaiban,s,当年韩信与苏秦，,0,6.5,1224312,当年,韩信,与苏秦，
,dan,xipi,kuaiban,x,都是安邦定国臣，,7,11.5,1411422,都是,安邦,定国臣，
,dan,xipi,kuaiban,s,淮阴漂母救韩信，,12.5,18.75,2113424,淮阴,漂母,救韩信，
,dan,xipi,kuaiban,x,登台拜帅天下闻。,19,23,1244142,登台,拜帅,天下闻。
,dan,xipi,kuaiban,s,商鞅不中苏季子，,24,27,1124143,商鞅,不中,苏季子，
,dan,xipi,kuaiban,x,在六国封相人上人。,27.5,36,44214242,在六国,封相,人上人。
,dan,xipi,kuaiban,s,未央宫斩的是韩信，,52,59,41135424,未央宫,斩的,是韩信，
,dan,xipi,kuaiban,x,难道说文官他就不丧身？,59.5,67,2412114241,难道说,文官,他就不丧身？
,dan,xipi,kuaiban,s,仙女配的是董永，,85,91,1345433,仙女,配的,是董永，
,dan,xipi,kuaiban,x,大孝之人也受贫。,91.5,99,4412342,大孝,之人,也受贫。
,dan,xipi,kuaiban,s,非是女儿言不逊，,117,123,1432244,非是,女儿,言不逊，
,dan,xipi,kuaiban,x,爹爹为何你要退婚？,123.5,131,11423441,爹爹,为何,你要退婚？
,dan,xipi,kuaiban,x,不能、不能、是万不能！,139.5,148,42424442,不能、,不能、,是万不能！
sdxp-SuLongWei-WuJiaPo.xml,,,,,Part 1,,,,Part 1,,
,laosheng,xipi,kuaiban,s,苏龙魏虎为媒证，,10,16,1243424,苏龙,魏虎,为媒证，
,laosheng,xipi,kuaiban,x,王丞相是我的主婚人（哪）。,17.5,25,224435312,王丞相,是我的,主婚人（哪）。
,laosheng,xipi,kuaiban,s,他三人与我有仇恨，,50,57,11233324,他三人,与我,有仇恨，
,laosheng,xipi,kuaiban,x,咬定牙关他就不认承。,58.5,66,342114242,咬定,牙关,他就不认承。
,laosheng,xipi,kuaiban,s,西凉川四十单八站，,92,99,12142114,西凉川,四十,单八站，
,laosheng,xipi,kuaiban,x,为军的要人我是不要钱。,100.5,108,2154234242,为军的,要人,我是不要钱。
,laosheng,xipi,kuaiban,s,大嫂说话礼不端，,145,151,4314341,大嫂,说话,礼不端，
,laosheng,xipi,kuaiban,x,为军哪怕到官前。,152.5,158,2134412,为军,哪怕,到官前。
,laosheng,xipi,kuaiban,s,衙里衙外我打点，,159.5,165,2324333,衙里,衙外,我打点，
,laosheng,xipi,kuaiban,x,管保大嫂就断与咱。,166.5,174,33434432,管保,大嫂,就断与咱。
,laosheng,xipi,kuaiban,s,好一个贞节王宝钏，,202,209,32412231,好一个,贞节,王宝钏，
,laosheng,xipi,kuaiban,x,百般调戏也枉然。,209.5,215,3144332,百般,调戏,也枉然。
,laosheng,xipi,kuaiban,s,腰中取出银一锭，,216.5,222,1131224,腰中,取出,银一锭，
,laosheng,xipi,kuaiban,x,将银放在地平川。,223.5,229,1244421,将银,放在,地平川。
,laosheng,xipi,kuaiban,s,这锭银、三两三，,230,235,442131,这锭银、,,三两三，
,laosheng,xipi,kuaiban,x,送与大嫂把家安。,236.5,242,4343311,送与,大嫂,把家安。
,laosheng,xipi,kuaiban,s,买绫罗与绸缎、打首饰和簪环，,242.5,248,322324334212,买绫罗,与绸缎、打首饰,和簪环，
,laosheng,xipi,kuaiban,x,我与你露水的夫妻就过几年（呐）。,249.5,260,333435114432,我与你,露水的夫妻,就过几年（呐）。
,laosheng,xipi,kuaiban,s,是烈女就该在家院，,300,307,44341414,是烈女,就该,在家院，
,laosheng,xipi,kuaiban,x,为何来在大道边。,308.5,314,4224441,为何,来在,大道边。
,laosheng,xipi,kuaiban,s,为军起下不良的意（呀），,315,334,21344254,为军,起下,不良的意（呀），
,laosheng,xipi,yaoban,x,一马双跨到西凉。,344,350,4314412,一马,双跨,到西凉。
,,,,,Part 2,,,,Part 2,,
,dan,xipi,kuaiban,s,提起了旁人我不晓，,26,32.5,23322343,提起了,旁人,我不晓，
,dan,xipi,kuaiban,x,苏龙魏虎是内亲。,33,37,1243441,苏龙,魏虎,是内亲。
,dan,xipi,kuaiban,s,你我同把相府进，,38,41,3323434,你我,同把,相府进，
,dan,xipi,kuaiban,x,三人对面（就）说分明。,41.5,49,1244112,三人,对面,（就）说分明。
,dan,xipi,kuaiban,s,我父在朝为官宦，,67,73.5,3442214,我父,在朝,为官宦，
,dan,xipi,kuaiban,x,府内金银堆如山。,74,78,3412121,府内,金银,堆如山。
,dan,xipi,kuaiban,s,本利算来有多少，,79,83,3442313,本利,算来,有多少，
,dan,xipi,kuaiban,x,命人送到（那）西凉川。,83.5,91,4244121,命人,送到,（那）西凉川。
,dan,xipi,kuaiban,s,我进相府对父言，,109,115.5,3443442,我进,相府,对父言，
,dan,xipi,kuaiban,x,家人小厮有万千。,116,120,1231341,家人,小厮,有万千。
,dan,xipi,kuaiban,s,将你带到官衙内，,121.5,126,1344124,将你,带到,官衙内，
,dan,xipi,kuaiban,x,打板子、上夹棍、丢南牢、坐监禁、管叫你思前容易退后难。,127,144,3354141224143431224442,打板子、,上夹棍、丢南牢、坐监禁、管叫你思前容易,退后难。
,dan,xipi,kuaiban,s,军爷说话理不端，,175,181.5,1214341,军爷,说话,理不端，
,dan,xipi,kuaiban,x,欺奴犹如欺了天。,182,186,1222131,欺奴,犹如,欺了天。
,dan,xipi,kuaiban,s,西凉的鞑子将你斩，,187.5,193,12525133,西凉的,鞑子,将你斩，
,dan,xipi,kuaiban,x,妻儿老小与奴一般。,193.5,201,12333241,妻儿,老小,与奴一般。
,dan,xipi,kuaiban,s,这锭银子奴不要，,261,267.5,4425224,这锭,银子,奴不要，
,dan,xipi,kuaiban,x,与你娘做一个安家钱。,268,275,332424112,与你娘,做一个,安家钱。
,dan,xipi,kuaiban,s,买绫罗、做衣衫、买白纸、糊白幡、打首饰、做妆奁，,276,288.5,322411323221334412,买绫罗、,做衣衫、买白纸、糊白幡、打首饰、,做妆奁，
,dan,xipi,kuaiban,x,落得个孝子的名儿在那天下传。,289.5,299,4244352544142,落得个,孝子的名儿,在那天下传。
sdxp-WoHeNi-SiLangTanMu.xml,,,,,Part 1,,,,Part 1,,
,laosheng,xipi,kuaiban,s,我和你好夫妻恩德不浅，,10,18,3233111243,我和你,好夫妻,恩德不浅，
,laosheng,xipi,kuaiban,x,贤公主又何必过于谦言。,19.5,27,2134244212,贤公主,又何必,过于谦言。
,laosheng,xipi,kuaiban,s,杨廷辉有一日愁眉得展，,28,36,2213242223,杨廷辉,有一日,愁眉得展，
,laosheng,xipi,kuaiban,x,誓不忘贤公主恩重如山。,37,45,4242131421,誓不忘,贤公主,恩重如山。
,laosheng,xipi,kuaiban,s,非是我这几日愁眉不展，,86,94,1434342243,非是我,这几日,愁眉不展，
,laosheng,xipi,kuaiban,x,有一桩心腹事不敢明言。,95.5,103,3411444322,有一桩,心腹事,不敢明言。
,laosheng,xipi,kuaiban,s,萧天佐摆天门两国交战，,104,112,1133123214,萧天佐,摆天门,两国交战，
,laosheng,xipi,kuaiban,x,我的娘押粮草来到北番。,113,121,3521232431,我的娘,押粮草,来到北番。
,laosheng,xipi,kuaiban,s,我有心回宋营见母一面，,122,130,3312424324,我有心,回宋营,见母一面，
,laosheng,xipi,kuaiban,x,怎奈我身在番难以过关。,131,139,3431412341,怎奈我,身在番,难以过关。
,laosheng,xipi,kuaiban,s,公主虽然不阻拦，,159,165,1312432,公主,虽然,不阻拦，
,laosheng,xipi,kuaiban,x,无有令箭怎过关。,166,174,2344341,无有,令箭,怎过关。
,laosheng,xipi,kuaiban,s,公主赠我的金鈚箭，,191,197,13435114,公主,赠我的,金鈚箭，
,laosheng,xipi,kuaiban,x,见母一面即刻还。,198,206,4324242,见母,一面,即刻还。
,laosheng,xipi,kuaiban,s,宋营（哪）虽然路途远，,222,228,4212423,宋营（哪）,虽然,路途远，
,laosheng,xipi,kuaiban,x,快马加鞭我一夜还。,229,237,43113242,快马,加鞭,我一夜还。
,laosheng,xipi,kuaiban,s,公主叫我盟誓愿，,264,270,1343244,公主,叫我,盟誓愿，
,laosheng,xipi,kuaiban,x,将身跪在地平川。,271.5,277,1144421,将身,跪在,地平川。
,laosheng,xipi,kuaiban,s,我若探母不回转，,278,290,3443423,我若,探母,不回转，
,laosheng,xipi,yaoban,x,黄沙盖脸尸骨不全。,302,312,21431242,黄沙,盖脸,尸骨不全。
,,,,,Part 2,,,,Part 2,,
,dan,xipi,kuaiban,s,讲什么夫妻情恩德不浅，,46,54,3251121243,讲什么,夫妻情,恩德不浅，
,dan,xipi,kuaiban,x,咱与你隔南北千里姻缘。,55.5,63,2332231312,咱与你,隔南北,千里姻缘。
,dan,xipi,kuaiban,s,因何故终日里愁眉不展，,64,72,1241432243,因何故,终日里,愁眉不展，
,dan,xipi,kuaiban,x,有什么心腹事你只管明言。,73,85,32514433322,有什么,心腹事,你只管明言。
,dan,xipi,kuaiban,s,你那里休得要巧言舌辨，,140,148,3431243224,你那里,休得要,巧言舌辨，
,dan,xipi,kuaiban,x,你要见高堂母我不阻拦。,149,158,3441233432,你要见,高堂母,我不阻拦。
,dan,xipi,kuaiban,s,有心赠你金鈚箭，,175,181,3143114,有心,赠你,金鈚箭，
,dan,xipi,kuaiban,x,怕你一去就不回还。,182,190,43244422,怕你,一去,就不回还。
,dan,xipi,kuaiban,s,宋营离此路途远，,207,213,4223423,宋营,离此,路途远，
,dan,xipi,kuaiban,x,一夜之间你怎能回还。,213.5,221,241133222,一夜,之间,你怎能回还。
,dan,xipi,kuaiban,s,适才叫咱盟誓愿，,238,244,4242244,适才,叫咱,盟誓愿，
,dan,xipi,kuaiban,x,你也对苍天就表一番。,245,252,334114341,你也对,苍天,就表一番。
