daeh-CanQiQi-WuLongZuo.xml,erhuang,manban,,惨凄凄唤苍天天不应响，,12,65
,erhuang,manban,,叹红颜多薄命父母双亡。,84,121
,erhuang,manban,,千金休哪曾受磨房景况，,136,201
,erhuang,manban,,担几肩头晕转体若筛糠。,236,261
daeh-LiYanFei-DaBaoGuo.xml,erhuang,manban,,李艳妃设早朝龙书案下，,0,41
,erhuang,manban,,文站东武列西朝贺哀家。,42,74
,erhuang,manban,,太师爷奏一本进贡年下，,75,100
,erhuang,manban,,各国的众王侯朝贺中华。,104,122
,erhuang,manban,,将江山让太师权且代贺，,124,140
,erhuang,manban,,候幼主成了龙原业归家。,144,"161,75"
,erhuang,manban,,写文约我且把玉玺打下，,164,196
,erhuang,manban,,宣太师上金殿披红插花。,197,237
,erhuang,manban,,赐你的上方剑朝房问话，,238,263
,erhuang,manban,,压定了文武臣均要画押。,267,"292,5"
daeh-LiYanFei-ErJinGong.xml,erhuang,zhongsanyan,,李艳妃坐昭阳自思自想，,15,52
,erhuang,zhongsanyan,,想起了朝中事好不惨伤！,55,"87,5"
,erhuang,zhongsanyan,,耳边厢又听得朝靴响亮，,103,140
,erhuang,zhongsanyan,,想必是徐杨将进了昭阳。,143,160
,erhuang,zhongsanyan,,有几句话儿我不好言讲，,163,180
,erhuang,zhongsanyan,,我只得怀抱太子两泪汪汪口口声声哭的是先王。,183,"227,5"
daeh-NaRiFeng-YuanXiaoMi.xml,erhuang,yuanban,,那日风波平地起，,17,"41,5"
,erhuang,yuanban,,死里逃生甚惨凄。,43,53
,erhuang,yuanban,,舅父前来出主意，,53,"59,5"
,erhuang,yuanban,,我与母亲两分离。,61,81
,erhuang,yuanban,,母女隔断三千里，,91,"115,5"
,erhuang,yuanban,,那厢流泪这厢啼。,117,"125,5"
,erhuang,yuanban,,我今绝少人生趣，,127,"145,5"
,erhuang,yuanban,,不如早死命归西。,165,183
daeh-NuZiYou-TouJunBieYao.xml,erhuang,manban,,奴自幼在闺阁娇生惯养，,0,41
,erhuang,manban,,为薛郎我父女断绝情长。,42,78
,erhuang,manban,,但愿得去投军功名有望，,79,120
,erhuang,manban,,也不枉我二人苦度时光。,121,149
daeh-SunShangXiang-BieHuangGong.xml,erhuang,manban,,孙尚香坐宫院自思自叹，,0,41
,erhuang,manban,,想起了已往事心内痛酸。,42,78
,erhuang,manban,,遭不幸父王爷把驾来晏，,79,124
,erhuang,manban,,留下了孙仲谋执掌江南。,125,"146,5"
,erhuang,manban,,与周郎定巧计把皇叔来骗，,149,"165,5"
,erhuang,manban,,又谁知弄假成真反配凤鸾。,169,"186,5"
,erhuang,manban,,回荆州未三载诓我回转，,189,"205,5"
,erhuang,manban,,阿斗儿行中途被子龙追还。,209,"226,5"
,erhuang,manban,,恨只恨我兄长把事错办，,229,"245,5"
,erhuang,manban,,叹一声不由人珠泪涟涟。,249,273
daeh-TanHongYan-HuoXiaoYu.xml,erhuang,manban,,叹红颜薄命前生就，,32,"75,75"
,erhuang,manban,,美满姻缘付东流。,76,105
,erhuang,manban,,薄幸冤家音信无有，,124,164
,erhuang,manban,,啼花泣月在暗里（呀）添愁。,168,"182,5"
,erhuang,manban,,枕边泪（呀）共（那）阶前雨，,184,221
,erhuang,manban,,隔着窗儿点滴不休。,236,260
daeh-WangChunE-SanNiangJiaoZi.xml,erhuang,manban,,王春娥坐草堂自思自叹，,36,92
,erhuang,manban,,想起了我老爷好不惨然。,112,149
,erhuang,manban,,春娥女好一此失群孤雁，,164,204
,erhuang,manban,,老薛保好一似浪里舟船。,204,"221,5"
,erhuang,manban,,薛倚儿他好比无弓之箭，,224,244
,erhuang,manban,,每日里在书房苦读圣贤。,244,"261,5"
,erhuang,manban,,将身儿来至在机房织绢，,264,296
,erhuang,manban,,等候了薛倚儿转回家园。,332,355
daeh-WuDuanQiao-BiYuZan.xml,erhuang,manban,,无端巧计将人陷，,36,93
,erhuang,manban,,薄命自伤怨红颜。,112,149
,erhuang,manban,,独处闺房愁无限，,164,"204,5"
,erhuang,manban,,落得孤身病恹恹。,208,"224,5"
,erhuang,manban,,今生若被郎轻贱，,228,"244,5"
,erhuang,manban,,满腹冤屈向谁言。,248,"263,5"
,erhuang,manban,,一心早想寻短见，,264,297
,erhuang,manban,,又怕丑名误流传。,332,356
daeh-XiaoNuCai-SanNiangJiaoZi.xml,erhuang,yuanban,,小奴才他一言问住我，,0,13
,erhuang,yuanban,,闭口无言王春娥。,15,21
,erhuang,yuanban,,哭一声亡故夫在阴曹等我，,23,31
,erhuang,yuanban,,等候了你妻子同见阎罗。,33,41
,erhuang,yuanban,,怒气不息在机房闷坐，,43,55
,erhuang,yuanban,,叹一声不由人珠泪如梭。,56,74
daeh-ZaoBuXing-HeHouMaDian.xml,erhuang,kuaisanyan,,遭不幸老王爷晏了御驾，,10,51
,erhuang,kuaisanyan,,贼昏王篡了位谋乱邦家。,54,71
,erhuang,kuaisanyan,,把一个皇太子逼死殿下，,74,91
,erhuang,kuaisanyan,,反倒说为嫂我拦阻有差，,94,111
,erhuang,kuaisanyan,,贼好比王莽贼称孤道寡，,114,131
,erhuang,kuaisanyan,,贼好比曹阿瞒半点不差，,134,151
,erhuang,kuaisanyan,,贼好比秦赵高指鹿为马，,154,"173,5"
,erhuang,kuaisanyan,,贼好比那司马师搅乱中华。,174,191
,erhuang,kuaisanyan,,只骂得贼昏王装聋作哑，,194,211
,erhuang,kuaisanyan,,只骂得贼昏王扭转身驱、闭目合晴、羞羞惭惭一语不发，,214,256
,erhuang,kuaisanyan,,只骂得贼昏王无言对答。,258,275
,erhuang,kuaisanyan,,两旁的文武臣珠泪如麻，,278,295
,erhuang,kuaisanyan,,搬一把金交椅娘且坐下，,298,315
,erhuang,kuaisanyan,,你叔王不让位再去骂他。,318,360
daeh-ZiNaRi-ErJinGong.xml,erhuang,manban,,自那日与徐杨决裂以后，,40,96
,erhuang,manban,,独坐在寒宫院闷闷悠悠。,116,152
,erhuang,manban,,先王爷晏驾后太子年幼，,168,"208,5"
,erhuang,manban,,太师爷一心心想篡龙楼。,212,"228,25"
,erhuang,manban,,他那里父女情全然无有，,232,"248,5"
,erhuang,manban,,竟把我孤儿寡母当做了马牛。,252,"271,5"
,erhuang,manban,,徐小姐把守在宫门口，,272,316
,erhuang,manban,,看一看不觉到八月中秋。,352,384
,erhuang,manban,,李艳妃坐昭阳自思自想，,402,438
,erhuang,manban,,想起了老王爷好不惨伤。,442,470
,erhuang,manban,,耳边厢又听得朝靴响亮，,486,"522,5"
,erhuang,manban,,想必是徐杨进了昭阳。,526,544
,erhuang,manban,,有一句话儿不好言讲，,546,"562,5"
,erhuang,manban,,我只得怀抱太子两泪汪汪口口声声哭的是先王！,566,610
daeh-ZiNaRi-ZhuangYuanMei-1.xml,erhuang,yuanban,,自那日与六郎姻缘相见，,17,"35,25"
,erhuang,yuanban,,行不安坐不宁情态缠绵。,37,"45,25"
,erhuang,yuanban,,在潼台被贼擒在命好险，,47,"55,25"
,erhuang,yuanban,,乱军中多亏他救我回还。,57,79
,erhuang,yuanban,,这桩事闷得我柔肠百转，,87,"119,5"
,erhuang,yuanban,,不知道他与我是否一般。,121,"129,25"
,erhuang,yuanban,,百姓们闺房乐如花美眷，,131,"139,25"
,erhuang,yuanban,,帝王家深宫院似水流年。,141,"151,25"
,erhuang,yuanban,,幸喜得珍珠衫称心如愿，,153,"161,25"
,erhuang,yuanban,,宋天子主婚姻此事成全。,163,"171,25"
,erhuang,yuanban,,但愿得令公令婆别无异见，,173,"181,25"
,erhuang,yuanban,,但愿得杨六郎心如石坚，,183,191375
,erhuang,yuanban,,但愿得状元媒月老引线，,193,201
,erhuang,yuanban,,但愿得八主贤王从中周旋，早成姻眷，扫狼烟，叫那胡儿不敢进犯保叔王锦绣江山。,203,246
,erhuang,yuanban,,愿天下有情人都成姻眷，,246,"260,25"
,erhuang,yuanban,,愿天下从此后国泰民安。,262,271
daeh-ZiNaRi-ZhuangYuanMei-2.xml,erhuang,yuanban,,自那日与六郎阵前相见，,18,"42,5"
,erhuang,yuanban,,行不安坐不宁情态缠绵。,44,52
,erhuang,yuanban,,在潼台被贼擒性命好险，,54,62
,erhuang,yuanban,,乱军中多亏他救我回还。,64,86
,erhuang,yuanban,,这桩事闷得我柔肠百转，,94,"128,5"
,erhuang,yuanban,,不知道他与我是否一般。,130,138
,erhuang,yuanban,,百姓们闺房乐如花美眷，,140,"148,5"
,erhuang,yuanban,,帝王家深宫怨似水流年。,150,160
,erhuang,yuanban,,幸喜得珍珠衫称心如愿，,162,"170,5"
,erhuang,yuanban,,宋天子主婚姻此事成全。,172,"180,75"
,erhuang,yuanban,,但愿得令公令婆别无意见，,182,"190,5"
,erhuang,yuanban,,但愿得杨六郎心如石坚。,192,"200,75"
,erhuang,yuanban,,但愿得状元媒月老引线，,202,"210,5"
,erhuang,yuanban,,但愿得八主贤王从中周旋早成美眷、扫狼烟叫那胡儿不敢进犯、保叔王锦锈江山。,212,247
,erhuang,yuanban,,愿天下有情人都成姻眷，,263,"277,5"
,erhuang,yuanban,,愿邦家从此后国泰民安。,279,288
daeh-ZuoChunGui-XiShi.xml,erhuang,manban,,坐春闺只觉得光明似箭，,10,63
,erhuang,manban,,无限的闲愁恨尽上眉尖。,78,115
,erhuang,manban,,奴这里心中痛玉颜清减，,128,196
,erhuang,manban,,夜不眠朝慵起又向谁言。,212,236
daeh-ZuoRiGong-TaiZhenWaiChuan.xml,erhuang,yuanban,,昨日宫中何等宠幸，,18,40
,erhuang,yuanban,,有谁知一时错被逐宫廷。,42,60
,erhuang,yuanban,,思想起从前事心中悔恨，,70,"94,5"
,erhuang,yuanban,,但不知何日里再沐圣明。,96,106
daxp-ChenSanLiang-ChenSanLiangPaTang.xml,xipi,daoban,,陈三两在大堂把话云，,14,33
,xipi,manban,,公正的老爷细听分明。,65,"100,75"
,xipi,manban,,我本是被骗进的富春院，,129,157
,xipi,manban,,发奋自强日夜读诗文。,165,196
,xipi,manban,,诗书易礼都学会，,205,220
,xipi,manban,,最可恨鸨儿叫我接客人。,229,252
daxp-ChunQiuTing-SuoLinNang.xml,xipi,erliu,,春秋亭外风雨暴，,2,"14,75"
,xipi,erliu,,何处悲声破寂寥。,15,"25,25"
,xipi,erliu,,在隔帘只见这一花轿，,27,"36,75"
,xipi,erliu,,想必是新婚渡鹊桥，,37,"47,25"
,xipi,erliu,,吉日良辰当欢笑，,49,"58,75"
,xipi,erliu,,为何鲛珠化泪抛？,59,"72,75"
,xipi,erliu,,此时却又明白了，,75,"84,25"
,xipi,liushui,,世上何尝尽富豪，,"84,5",89
,xipi,liushui,,亦有饥寒悲怀抱，,"90,5",97
,xipi,liushui,,也有失意痛哭嚎啕，,"97,5",103
,xipi,liushui,,轿内的人儿弹别调，,"103,5",108
,xipi,liushui,,必有隐情在心潮。,"108,5",118
,xipi,liushui,,耳听得悲声惨心中如捣，,131,"138,5"
,xipi,liushui,,同遇人为什么这样嚎啕？,"139,5","147,5"
,xipi,liushui,,莫不是夫郎丑难谐女貌？,"148,5",156
,xipi,liushui,,莫不是强婚配鸦占鸾巢？,157,166
,xipi,liushui,,叫梅香你把那好言相告，,"166,5","174,5"
,xipi,liushui,,问那厢因何故痛哭无聊。,175,185
,xipi,liushui,,听薛良一语来相告，,200,"207,5"
,xipi,liushui,,满腹骄矜顿雪潇，,208,212
,xipi,liushui,,人情冷暖凭天造，,"213,5",218
,xipi,liushui,,谁能移动他半分毫。,"218,5",224
,xipi,liushui,,我在不足他正少，,"225,5","230,5"
,xipi,liushui,,他为饥寒我为娇。,231,235
,xipi,liushui,,分我一枝珊瑚宝，,"236,5","241,5"
,xipi,liushui,,安他半世凤凰巢。,242,246
,xipi,liushui,,忙把梅香低声儿叫，,"246,5",267
,xipi,liushui,,莫把姓名你信口晓，,"276,5","285,5"
,xipi,liushui,,这都是神话凭空造，,297,"304,5"
,xipi,liushui,,自把珠玉夸富豪，,305,"309,5"
,xipi,liushui,,麟儿那有神送到，,"310,5","315,75"
,xipi,liushui,,积德才生玉树苗，,316,320
,xipi,liushui,,小小囊儿何足道，,"321,5",327
,xipi,liushui,,救她饥渴胜琼瑶。,"327,5",337
daxp-DangRiLi-SuoLinNang.xml,xipi,yuanban,,当日里好风光忽觉转变，,34,60
,xipi,yuanban,,霎时间日色淡似坠西山。,86,108
,xipi,yuanban,,在轿中只觉得天昏地暗。,138,"156,5"
,xipi,yuanban,,耳听得风声断，雨声喧，雷声乱，乐声阑珊，人声呐喊，都道说是大雨倾天。,158,204
,xipi,yuanban,,那花轿必定是因陋就简，,274,"292,5"
,xipi,yuanban,,隔帘儿我也曾侧目偷观。,294,"312,5"
,xipi,yuanban,,虽然是古青庐以朴为俭，,314,"332,5"
,xipi,yuanban,,哪有这短花帘，旧花幔，参差流苏，残破不全。,334,364
,xipi,yuanban,,轿中人必定有一腔幽怨，,430,451
,xipi,yuanban,,她泪自弹、声续断、似杜鹃、啼别院、巴峡哀猿动人心弦，好不惨然。,"451,5",485
,xipi,yuanban,,于归日理应当喜形于面，,486,"508,5"
,xipi,yuanban,,为什么悲切切哭得可怜。,510,532
,xipi,yuanban,,那时节奴妆奁不下百万，,554,"572,5"
,xipi,yuanban,,怎奈我在轿中赤手空拳。,574,596
,xipi,yuanban,,急切里想起了锁麟囊一（呀）件，,626,"644,5"
,xipi,yuanban,,囊虽小却能做续命泉源。,646,668
,xipi,yuanban,,有金珠和珍宝光华灿烂，,715,"723,5"
,xipi,yuanban,,红珊瑚碧翡翠样样倶全。,"724,5",732
,xipi,yuanban,,还有那夜明珠粒粒成串，,"733,5","741,5"
,xipi,yuanban,,还有那赤金链，紫瑛簪，白玉环，双凤錾，八宝钗钏一个个宝孕光含。,742,"769,5"
,xipi,yuanban,,这囊儿虽非是千古罕见，,"770,5","778,5"
,xipi,yuanban,,换衣食也够她生活几年。,779,790
daxp-DiTouLi-NvQiJie.xml,xipi,liushui,,低头离了洪洞县，,13,19
,xipi,liushui,,将身来在大街前。,"20,5",26
,xipi,liushui,,未曾开言我心好惨，,"26,5",32
,xipi,liushui,,过往的君子听我言。,"32,5",37
,xipi,liushui,,哪一位去往南京转，,"37,5",43
,xipi,liushui,,与我那三郎把信传。,"43,5",48
,xipi,liushui,,就说苏三把命断，,49,52
,xipi,liushui,,来生变犬马我当报还。,"52,5",61
daxp-DuiLingHua-BiYuZan.xml,xipi,manban,,对菱花暗地里芳心自转，,0,"30,5"
,xipi,manban,,听她言不由人喜上眉尖。,31,"65,5"
,xipi,manban,,果然是成佳偶两心欢恋，,66,"102,5"
,xipi,manban,,也算得人世间美满姻缘。,103,129
daxp-ErDeFu-HongNiGuan.xml,xipi,manban,,儿的父为国家阵前命丧，,0,30
,xipi,manban,,撇下了奴一人好不悲凉。,32,64
,xipi,manban,,奴这里只把那结婚思量，,65,99
,xipi,manban,,倒不如与伯党匹配鸾凰。,101,135
,xipi,manban,,清早起我和他一度商量，,137,167
,xipi,manban,,不想到狠心郎一味猖狂。,169,195
,xipi,manban,,奴本当把关印付他执掌，,197,227
,xipi,manban,,又恐怕众将官说短论长。,229,253
daxp-ErTingDe-SuoLinNang.xml,xipi,liushui,,耳听得悲声惨心中如捣，,12,"19,5"
,xipi,liushui,,同遇人为什么这样嚎啕。,"20,5","28,5"
,xipi,liushui,,莫不是夫郎丑难谐女貌，,"29,5",37
,xipi,liushui,,莫不是强婚配鸦占鸾巢。,38,47
,xipi,liushui,,叫梅香你把那好言相告，,"47,5","55,5"
,xipi,liushui,,问那厢因何故痛哭无聊？,56,"66,5"
,xipi,liushui,,梅香说话好颠倒，,90,"94,5"
,xipi,liushui,,不该人前乱解嘲。,95,"99,5"
,xipi,liushui,,怜贫济困是正道，,"100,5",105
,xipi,liushui,,哪有个袖手旁观在壁上瞧。,"105,5",117
,xipi,liushui,,蠢才问话太潦草，,182,"188,5"
,xipi,liushui,,难免怀疑在心梢。,189,"193,5"
,xipi,liushui,,你不该人前逞骄傲，,194,"200,5"
,xipi,liushui,,不该词费又滔滔。,"201,5",207
,xipi,liushui,,休要噪且站了，,208,211
,xipi,liushui,,薛良与我去问一遭。,"213,5",223
,xipi,liushui,,听薛良一语来相告，,314,"321,5"
,xipi,liushui,,满腹骄矜顿雪潇。,322,"326,5"
,xipi,liushui,,人情冷暖凭空造，,"327,5",332
,xipi,liushui,,谁能移动它半分毫。,"332,5","338,5"
,xipi,liushui,,我正不足她正少，,"339,5","344,5"
,xipi,liushui,,她为饥寒我为骄。,345,"349,75"
,xipi,liushui,,分我一枝珊瑚宝，,350,"353,5"
,xipi,liushui,,安她半世凤凰剿。,354,358
,xipi,liushui,,忙把梅香低声叫，,"358,5",379
,xipi,liushui,,莫把姓名你信口哓。,"396,5",405
,xipi,liushui,,这都是神话凭空造，,426,"433,5"
,xipi,liushui,,自把珠玉夸富豪。,434,"438,5"
,xipi,liushui,,麟儿哪有神送到，,"439,5","444,5"
,xipi,liushui,,积德才生玉树苗。,445,"449,5"
,xipi,liushui,,小小囊儿何足道，,"450,5",456
,xipi,liushui,,救她饥渴胜琼瑶。,"456,5",466
daxp-FeiShiWo-TaoHuaCun.xml,xipi,liushui,,非是我嘱咐叮咛把话讲，,10,19
,xipi,liushui,,只怪你呆头呆脑慌慌张张。,"19,5",25
,xipi,liushui,,今夜晚非比那西厢待月、你懂提防、莫轻狂，,26,41
,xipi,liushui,,关系你患难鸳鸯永宿在池塘。,43,57
,xipi,liushui,,已然错请生波浪，,59,66
,xipi,liushui,,怎能够粗心大意你再荒唐。,67,77
,xipi,liushui,,鼓打二更准时往，,"78,5",84
,xipi,liushui,,桃花村口莫彷徨。,85,89
,xipi,liushui,,你不要高声不要嚷，,"90,5",98
,xipi,liushui,,你必须眼观六路耳听八方。,99,106
,xipi,liushui,,不但要仔细听、还要仔细想，,"107,5",113
,xipi,liushui,,是不是有人拍巴掌。,"113,5",118
,xipi,liushui,,响一声你就还一掌，,120,126
,xipi,liushui,,响两声你就凑近身旁。,128,134
,xipi,liushui,,倘若是你响她也响，,"134,5",140
,xipi,liushui,,那就是来了我西厢带路的小红娘。,"140,5",156
,xipi,liushui,,你把我当做诸葛亮，,"156,5",161
,xipi,liushui,,听我的号令上战场。,"161,5",170
daxp-LaoDieDie-DaYuShaJia-1.xml,xipi,yuanban,,老爹爹清晨起前去出前，,30,57
,xipi,yuanban,,到叫我桂英儿挂在心头；,90,111
,xipi,yuanban,,将身儿坐至在草堂等候，,138,165
,xipi,yuanban,,等候了爹爹回细问根由。,198,219
daxp-LaoDieDie-DaYuShaJia-2.xml,xipi,yuanban,,老爹爹清晨起前去出首，,22,49
,xipi,yuanban,,倒叫我桂英儿挂在心头。,74,95
,xipi,yuanban,,将身儿坐至在草堂等候，,114,141
,xipi,yuanban,,等候了爹爹回细问根由。,166,186
daxp-LaoDieDie-SanJiZhang-1.xml,xipi,manban,,老爹爹请息（呀）怒容儿细讲，,6,35
,xipi,manban,,我立志不嫁那状元才郎。,58,"89,5"
,xipi,manban,,父休笑薛平贵是花郎模样，,110,"128,25"
,xipi,manban,,贫穷人得了志比富还强。,130,152
daxp-LaoDieDie-SanJiZhang-2.xml,xipi,manban,,老爹爹请息怒容儿细讲，,30,60
,xipi,manban,,儿命苦怎配着状元才郎？,86,121
,xipi,manban,,父道那薛平贵是那化郎模样，,150,"188,5"
,xipi,manban,,这样人得了志比父还强。,190,210
daxp-LaoDieDie-YuZhouFeng.xml,xipi,yuanban,,老爹爹发恩德将本修上，,30,56
,xipi,yuanban,,明早朝上金殿面奏吾皇。,90,112
,xipi,yuanban,,倘若是有道君皇恩浩荡，,142,164
,xipi,yuanban,,观此本免了儿一门祸殃。,166,187
,xipi,sanban,,老爹爹在朝中官高爵显，,201,214
,xipi,sanban,,却为何贪富贵不顾羞惭。,219,238
daxp-MengJunZi-ChunQiuPei-1.xml,xipi,yuanban,,蒙君子至殷勤再三问话，,22,53
,xipi,yuanban,,虽然是男女别不得不答。,86,109
,xipi,yuanban,,家住在罗郡城魁星楼下，,138,165
,xipi,yuanban,,我的父名姜绍贸易天涯。,190,211
,xipi,yuanban,,在家中受不过继母拷打，,230,252
,xipi,yuanban,,莫奈何到荒郊我就来捡芦花。,254,273
daxp-MengJunZi-ChunQiuPei-2.xml,xipi,yuanban,,蒙君子至诚心再三问话，,22,52
,xipi,yuanban,,虽然是不相识我就不得不答。,86,108
,xipi,yuanban,,家住在罗郡城魁星楼下，,138,164
,xipi,yuanban,,我爹爹名姜绍贸易天涯。,190,212
,xipi,yuanban,,身有病还受那继母拷打，,242,"260,5"
,xipi,yuanban,,因此上到郊外来捡芦花（呀）。,262,283
daxp-MengTingDe-MuiGuiYingGuaShuai.xml,xipi,liushui,,猛听得金鼓响画角声震，,8,16
,xipi,liushui,,唤起我破天门状志凌云。,"17,5",25
,xipi,liushui,,想当年桃花马上威风凛凛，,26,34
,xipi,liushui,,敌血飞溅石榴裙。,35,39
,xipi,liushui,,有生之日责当尽，,"40,5",46
,xipi,liushui,,寸土怎能够属于他人。,"46,5",52
,xipi,liushui,,番王小丑何足论，,53,56
,xipi,liushui,,我一剑能挡百万兵。,"56,5",70
daxp-MuQinBu-FengHuanChao.xml,xipi,liushui,,母亲不必心太偏，,12,18
,xipi,liushui,,女儿言来听根源。,"19,5",25
,xipi,liushui,,自古常言道得好，,"26,5","32,5"
,xipi,liushui,,女儿清白最为先。,33,37
,xipi,liushui,,人生不知顾脸面，,"38,5",44
,xipi,liushui,,活在世上也枉然。,"44,5",53
daxp-NiDeFu-FenHeWan.xml,xipi,yuanban,,你的父去投军无音信，,32,60
,xipi,yuanban,,全仗你打雁养娘亲，,88,108
,xipi,yuanban,,把弓带和鱼镖与儿带定，,136,"158,5"
,xipi,yuanban,,不等到日落及早回程。,160,184
daxp-QiaoLouShang-HuangShanLei.xml,xipi,manban,,谯楼上二更鼓声声送听，,30,60
,xipi,manban,,父子们去采药未见回程。,86,121
,xipi,manban,,对孤灯思远道心神不定，,150,"168,25"
,xipi,manban,,不知他在荒山何处安身。,170,196
,xipi,yuanban,,到三更真个是月明人静，,246,"268,5"
,xipi,yuanban,,猛听得窗儿外似有人行。,270,292
,xipi,yuanban,,忙移步隔花荫留神听定，,322,356
,xipi,yuanban,,原来是秋风起扫叶之声。,382,405
,xipi,yuanban,,听画鼓报四更愈添凄冷，,434,"456,5"
,xipi,yuanban,,看娇儿正酣睡恐被风侵。,458,480
,xipi,yuanban,,我不免引寒机伴奴坐等，,526,557
,xipi,yuanban,,又思来又想去越不安宁。,559,574
,xipi,yuanban,,数更等交五鼓空房愈冷，,577,"590,25"
,xipi,yuanban,,果然是晓鸡唱天已黎明。,591,608
,xipi,yuanban,,我不免唤琏儿到街前探问，,609,627
,xipi,yuanban,,你爹爹到如今未转家门。,639,650
daxp-SuSanLi-NvQiJie.xml,xipi,liushui,,苏三离了洪洞县，,8,"15,5"
,xipi,liushui,,将身来在大街前。,"15,5",21
,xipi,liushui,,未曾开言心内惨，,"22,5",28
,xipi,liushui,,过往的君子听我言。,28625,33
,xipi,liushui,,哪一位去往南京转，,"34,5",40
,xipi,liushui,,与我那三郎把信传。,"40,75",45
,xipi,liushui,,言说苏三把命断，,46,49
,xipi,liushui,,来生变犬马我当报还！,"49,5",61
daxp-TingTaYan-ZuoGong.xml,xipi,liushui,,听他言吓得我浑身是汗，,10,"18,5"
,xipi,liushui,,十五载到今日才吐真言。,"19,5",27
,xipi,liushui,,原来是杨家将把名姓改换，,28,36
,xipi,liushui,,他思家乡想骨肉就不能团圆。,"36,5",45
,xipi,liushui,,我这里走向前再把礼见，,46,65
,xipi,liushui,,尊一声驸马爷细听咱言。,77,85
,xipi,liushui,,早晚间休怪我言语怠慢，,"86,5",94
,xipi,liushui,,不知者不怪罪你的海量放宽。,95,106
daxp-WoDeNiang-XinAnYi.xml,xipi,yuanban,,我的娘她忘了女生外姓，,0,13
,xipi,yuanban,,奴年交十九岁还守闺门。,14,25
,xipi,yuanban,,这几日身不爽心中烦闷，,26,43
,xipi,yuanban,,却原来母亲到儿未知情。,44,54
daxp-WoHeNi-SangYuanHui.xml,xipi,kuaiban,,我和你有什么夫妻的情，,0,7
,xipi,kuaiban,,谁认你狼心狗肺的人！,"7,5",16
daxp-WoZhuYe-SiLangTanMu.xml,xipi,manban,,我主爷金沙滩早把命丧，,31,66
,xipi,manban,,众文武扶哀家执掌军房。,91,141
,xipi,manban,,众卿随忙挂点亲率官员，,155,189
,xipi,manban,,一心心要夺取宋室江山。,227,266
,xipi,manban,,叫番儿忙摆驾银安殿，,283,312
,xipi,yaoban,,阅兵书看何人前来何安。,324,343
daxp-XiRiLi-LongFengChengXiang.xml,xipi,manban,,昔日里梁鸿配孟光，,32,66
,xipi,manban,,今朝仙女会襄王。,84,122
,xipi,manban,,暗地堪笑奴兄长，,148,"182,5"
,xipi,manban,,安排虎计害刘王。,200,"230,5"
,xipi,manban,,月老本是乔国丈，,244,"266,5"
,xipi,manban,,纵有大事料无妨。,292,310
daxp-XiRiLiang-LongFengChengXiang.xml,xipi,manban,,昔日梁鸿配孟光，,30,"55,5"
,xipi,manban,,今朝仙女会襄王。,78,117
,xipi,manban,,暗地堪笑我兄长，,146,182
,xipi,manban,,安排巧计害刘王。,206,228
daxp-XiShiNv-XiShi.xml,xipi,manban,,西施女生长在苎萝村里，,31,62
,xipi,manban,,难得有开怀事常锁双眉。,87,121
,xipi,manban,,只为着守清寒柴门近水，,151,197
,xipi,manban,,每日里浣纱去又傍清溪。,231,"261,5"
,xipi,manban,,怕只怕损玉颜姣容自惜，,291,313
,xipi,manban,,对清溪时照影自整罗农。,315,337
dldeh-ShouBiPo-ChunQiuPei.xml,,,,Part 1,,
,erhuang,manban,,受逼迫去捡柴泪如雨下，,36,84
,erhuang,manban,,病恹恹身无力难以挣扎。,100,"132,5"
,erhuang,manban,,奴好比花未开风吹雨打，,224,"280,5"
,erhuang,manban,,想亲娘和老父心乱如麻。,316,339
,,,,Part 2,,
,erhuang,sanyan,,你继母心毒狠将你打骂，,148,"188,75"
,erhuang,sanyan,,全（呐）不顾你身有病气力不佳。,192,208
lseh-JinZhongXiang-ShangTianTai.xml,erhuang,manban,,金钟响玉磬应王登龙庭，,0,41
,erhuang,manban,,寡人喜的是五谷丰登。,42,62
,erhuang,manban,,文凭着邓先生策划有准，,63,"85,5"
,erhuang,manban,,武仗着姚皇兄保定乾坤。,88,"105,5"
,erhuang,manban,,内侍臣忙摆驾九龙口进，,108,136
,erhuang,manban,,又听得殿角下大放悲声。,137,169
lseh-LaoZhangBu-WuPenJi.xml,erhuang,yuanban,,老丈不（哇）必胆怕惊，,"16,5","44,5"
,erhuang,yuanban,,我有言来你是（喏）听。,"64,5","74,5"
,erhuang,yuanban,,休把我当作了妖魔论，,"84,5","107,5"
,erhuang,yuanban,,我本屈死一鬼魂。,"108,5","118,5"
,erhuang,yuanban,,我忙将树（呃）枝摆摇（哇）动，,136,166
,erhuang,yuanban,,抓一（呀）把沙土扬灰尘。,186,208
,erhuang,yuanban,,我和你远无冤近无有仇恨，,216,"240,5"
,erhuang,yuanban,,望求老丈把冤伸。,242,259
lseh-NiangZiBu-SouGuJiuGu.xml,erhuang,yuanban,,娘子不（哇）必太烈性，,18,"40,5"
,erhuang,yuanban,,卑（呀）人言来你是（喏）听。,42,52
,erhuang,yuanban,,赵屠二家有仇恨，,60,"82,5"
,erhuang,yuanban,,三百余口命赴幽冥。,84,"90,5"
,erhuang,yuanban,,我与那公孙杵臼把计定，,92,"100,5"
,erhuang,yuanban,,他舍命来你我舍亲生。,102,111
,erhuang,yuanban,,舍子搭救忠（呃）良的后，,112,"120,5"
,erhuang,yuanban,,老天爷不绝我的后代根。,122,131
,erhuang,yuanban,,你今舍了亲生子，,132,"140,5"
,erhuang,yuanban,,来年必定降麒麟。,142,154
,erhuang,yuanban,,千言万（哪）语她不肯，,162,185
,erhuang,yuanban,,不舍娇儿难救孤身。,186,193
,erhuang,yuanban,,无奈何我只得双（呃）膝跪，,194,210
,erhuang,yaoban,,哀求娘子（喏）舍亲（呐）生。,228,249
lseh-TanXiongDi-SangYuanJiZi.xml,erhuang,manban,,叹兄兀弟遭不幸一旦丧命，,36,90
,erhuang,manban,,丢下了年幼儿好不伤情。,128,160
,erhuang,manban,,眼望着孤坟台珠泪难忍，,176,"212,5"
,erhuang,manban,,见坟台不见人刀割我心。,216,240
lseh-TuZeiZuo-SouGuJiuGu.xml,erhuang,yuanban,,屠贼做事心太狠，,0,23
,erhuang,yuanban,,诬杀赵家一满门。,24,40
,erhuang,yuanban,,眼见得忠良无救应，,41,59
,erhuang,yuanban,,大事还要问程婴。,60,72
lseh-WeiGuoJia-HongYangDong-1.xml,erhuang,yuanban,,为国家那何曾半日闲空，,"16,5",48
,erhuang,yuanban,,我也曾平服了塞北西东。,"66,5","78,5"
,erhuang,yuanban,,官封到节度使（喏）皇王恩重，,"86,5","124,5"
,erhuang,yuanban,,身不爽不由人瞌睡朦胧（呃）。,"142,5","164,5"
lseh-WeiGuoJia-HongYangDong-2.xml,erhuang,yuanban,,为国家哪何曾半日闲空，,17,47
,erhuang,yuanban,,我也曾平服了塞北西东。,67,77
,erhuang,yuanban,,官封到节度使（喏）皇王恩重，,87,123
,erhuang,yuanban,,身不爽不由人瞌睡朦胧（呃）（哪）。,143,165
lseh-WeiGuoJia-HongYangDong-3.xml,erhuang,yuanban,,为国家哪何曾半日闲空，,"16,5","48,5"
,erhuang,yuanban,,我也曾平服了塞北西东。,"66,5","78,5"
,erhuang,yuanban,,官封到节度史（喏）皇王恩重，,"86,5","124,5"
,erhuang,yuanban,,身不爽不由人瞌睡朦胧。,"142,5","164,5"
lseh-WeiKaiYan-RangXuZhou.xml,erhuang,yuanban,,未开言不由人（呐）珠泪滚滚，,18,48
,erhuang,yuanban,,天卸重任我就要（哇）你担承。,68,82
,erhuang,yuanban,,二犬子（呃）皆年幼（哇）难当（呃）重任，,92,"116,5"
,erhuang,yuanban,,老朽年迈我也不能够担承。,118,126
,erhuang,yuanban,,望使君放开怀慨然（呐）应（呐）允，,128,137
,erhuang,yuanban,,救生灵（呐）积阴（呐）功也免得我坐卧不宁。,138,150
lseh-XinZhongYou-WenZhaoGuan.xml,erhuang,yuanban,,心中有事难合眼，,8,"30,5"
,erhuang,yuanban,,翻来复去睡不安。,32,52
,erhuang,yuanban,,背地里只把东皋公怨，,70,"94,5"
,erhuang,yuanban,,叫人难解巧机关。,96,105
,erhuang,yuanban,,若是真心来救我，,106,"114,75"
,erhuang,yuanban,,为何几日他不言，,116,125
,erhuang,yuanban,,贪图富贵来害我，,126,"134,5"
,erhuang,yuanban,,你就该把我献与昭关。,136,145
,erhuang,yuanban,,哭一声爹娘不能相见，,146,154
,erhuang,yuanban,,不能（呃）哎见。,156,177
,erhuang,yuanban,,爹娘（呃）要相逢除非是梦（呃）里团圆。,178,254
,erhuang,yuanban,,鸡鸣犬吠五更（呃）天，,264,308
,erhuang,yuanban,,越思越想好伤惨，,326,335
,erhuang,yuanban,,想当初在朝为官宦，,336,"344,5"
,erhuang,yuanban,,朝臣待漏五更寒。,346,355
,erhuang,yuanban,,到如今夜宿在荒村院，,356,364
,erhuang,yuanban,,我冷冷清清向谁言（呃）。,"365,5",409
,erhuang,yuanban,,我本当拔宝剑自寻短见，,426,454
,erhuang,yuanban,,寻短（呃）哎见爹娘（呃）。,456,486
,erhuang,yuanban,,父母的冤仇化尘烟，,514,523
,erhuang,yuanban,,对天发下宏誓愿，,524,"532,5"
,erhuang,yuanban,,我不杀平王我的心怎甘。,"533,5",558
lseh-XiRiLi-BaoLianDeng.xml,erhuang,kuaisanyan,,昔日里有一个孤竹君，,"33,5","85,5"
,erhuang,kuaisanyan,,伯夷叔齐二大贤人，,"125,5","153,5"
,erhuang,kuaisanyan,,都只为孤（哇）竹君身染重病（哪），,"173,5","214,5"
,erhuang,kuaisanyan,,传口诏命次子即位为君，,"217,5","233,5"
,erhuang,kuaisanyan,,那叔齐分长幼不能担任，,"237,5",255
,erhuang,kuaisanyan,,那伯夷尊父命也不能应承，,"257,5","274,5"
,erhuang,kuaisanyan,,弟让兄来兄不能应（呐）允，,"277,5",291
,erhuang,kuaisanyan,,兄（呃）推弟来两不能够担承。,"293,5","310,5"
,erhuang,kuaisanyan,,那伯夷出午门无（哇）有踪（呃）影，,"313,5",331
,erhuang,kuaisanyan,,那叔齐逃出了后宰门，,"333,5","350,5"
,erhuang,kuaisanyan,,首阳山前冻饿死（喏）。,"353,5","366,5"
,erhuang,kuaisanyan,,留得美名万古存，,"369,5","384,5"
,erhuang,kuaisanyan,,为父的怎比得孤竹君，,"385,5","401,5"
,erhuang,kuaisanyan,,二娇儿也难比那两个贤人。,"405,5","422,5"
,erhuang,kuaisanyan,,打死了别家子父能作主，,"425,5","442,5"
,erhuang,kuaisanyan,,打死个秦官保父不能担承。,"445,5","485,5"
lseh-XuMaoGong-QinQiongFaPei.xml,erhuang,yuanban,,徐茂公阴阳多奥妙，,0,17
,erhuang,yuanban,,文韬武略智谋高。,19,29
,erhuang,yuanban,,既是为我前来到，,29,38
,erhuang,yuanban,,缘何不救我出笼牢。,39,49
,erhuang,yuanban,,是是是（呀）来我明白了，,49,58
,erhuang,yuanban,,其中必有这巧（哇）妙高。,59,71
lseh-YangYanZhao-PengBei.xml,erhuang,yuanban,,杨延昭奉父命巡查大营，,0,19
,erhuang,yuanban,,在中途得一信甚是不明。,20,32
,erhuang,yuanban,,迈虎步我且把宝帐来进，,33,49
,erhuang,yuanban,,又只见老爹爹瞌睡沉沉。,50,"59,5"
,erhuang,yuanban,,我本当将此事对他来论，,60,72
,erhuang,yuanban,,又恐怕惊动了年迈之人。,73,88
lseh-YiLunMing-WenZhaoGuan-1.xml,erhuang,manban,,一轮明月照窗前，,36,94
,erhuang,manban,,愁人心（哪）中似箭穿。,132,165
,erhuang,manban,,实指（惹）望到吴国借兵回转，,180,"220,5"
,erhuang,manban,,谁知昭关有阻拦。,224,"241,75"
,erhuang,manban,,幸遇那东皋公行方便，,244,"260,5"
,erhuang,manban,,他将我隐藏在后花园。,264,284
,erhuang,manban,,一连几天我的眉不（哇）展，,284,"300,5"
,erhuang,manban,,夜夜何曾得安眠。,304,"317,5"
,erhuang,manban,,俺伍员好一似丧家犬，,320,"336,5"
,erhuang,manban,,满腹的含冤我向谁言（哪）！,340,"353,5"
,erhuang,manban,,我好（哇）比哀哀长空雁，,356,"372,5"
,erhuang,manban,,我好比龙游在浅沙滩。,376,"393,5"
,erhuang,manban,,我好（哇）比鱼儿吞了钩线，,396,415
,erhuang,manban,,我好（哇）比波浪中失舵的舟船（哪）。,416,"433,5"
,erhuang,manban,,思来想去我的肝肠断，,436,466
,erhuang,manban,,今夜晚怎能够盼到明天。,500,530
,erhuang,yuanban,,心中有事难合眼，,592,"614,5"
,erhuang,yuanban,,翻来覆去睡不（哇）安。,616,638
,erhuang,yuanban,,背地里只把东皋公怨，,654,"678,5"
,erhuang,yuanban,,叫人难解巧机关，,680,689
,erhuang,yuanban,,若是真心来救我，,690,"698,75"
,erhuang,yuanban,,为何几日他不言。,700,709
,erhuang,yuanban,,贪图富贵来害我，,710,"718,5"
,erhuang,yuanban,,你就该把我献与昭关。,720,729
,erhuang,yuanban,,哭一声爹娘不能相见，,730,738
,erhuang,yuanban,,不能（哪）哎见爹娘（兀）！,740,784
,erhuang,yuanban,,要相逢陈非是梦（兀）里团圆。,812,838
,erhuang,yuanban,,鸡鸣犬吠五更（哪）天，,860,904
,erhuang,yuanban,,越思越想好伤惨，,922,"930,5"
,erhuang,yuanban,,想当初在朝为官宦，,932,"940,5"
,erhuang,yuanban,,朝臣待漏（哇）五更寒，,942,"950,5"
,erhuang,yuanban,,到如今夜宿在荒村院，,952,960
,erhuang,yuanban,,我冷冷清清向谁言（哪）。,"961,5",1005
,erhuang,yuanban,,我本当拔宝剑自寻短见，,1022,1050
,erhuang,yuanban,,寻短（哪）哎见爹娘（兀）！,1052,1084
,erhuang,yuanban,,父母的冤仇化尘烟，,1112,1121
,erhuang,yuanban,,对天发不宏誓愿，,1122,"1130,5"
,erhuang,yuanban,,我不杀平王我的心怎甘（哪）。,"1131,5",1158
lseh-YiLunMing-WenZhaoGuan-2.xml,erhuang,manban,,一轮明月照窗前，,36,94
,erhuang,manban,,愁人心（呐）中似箭穿。,132,165
,erhuang,manban,,实指望到吴国借兵回转，,180,"220,5"
,erhuang,manban,,谁知昭关有阻拦。,224,"241,5"
,erhuang,manban,,幸遇那东皋公行方便，,244,"260,5"
,erhuang,manban,,他将我隐藏在后花园。,264,284
,erhuang,manban,,一连几天我的眉不（呃）展，,284,"300,5"
,erhuang,manban,,夜夜何曾得安眠。,304,"317,5"
,erhuang,manban,,俺伍员好一似丧家犬，,320,"336,5"
,erhuang,manban,,满腹的含冤我向谁言（喏）。,340,"353,5"
,erhuang,manban,,我好（呃）比哀哀长空雁，,356,"372,5"
,erhuang,manban,,我好比龙游在浅沙滩。,376,"393,5"
,erhuang,manban,,我好（呃）比鱼儿吞了钩线，,396,415
,erhuang,manban,,我好（呃）比波浪中失舵的舟船（喏）。,416,"433,5"
,erhuang,manban,,思来想去我的肝肠断，,436,466
,erhuang,manban,,今夜晚怎能够盼到明天。,500,530
lseh-YiLunMing-ZhuoFangCao-1.xml,erhuang,manban,,一轮明月照窗下，,36,92
,erhuang,manban,,陈宫心（呐）中乱如麻，,132,164
,erhuang,manban,,悔不该心猿并意马。,176,1277/6
,erhuang,manban,,悔不该随他人到吕家，,216,236
,erhuang,manban,,吕伯奢可算得义气（呀）大，,236,1517/6
,erhuang,manban,,杀猪（喏）沽（哇）酒款待于他，,256,"273,5"
,erhuang,manban,,又谁知此贼的疑心（呐）太（呀）大，,276,"293,5"
,erhuang,manban,,拔出剑将他的满门杀，,296,"313,5"
,erhuang,manban,,一家人倶丧在宝剑之（喏）下，,316,"333,5"
,erhuang,manban,,年迈的老丈命（呐）染黄沙。,336,"349,5"
,erhuang,manban,,屈死的冤鬼魂休来怨（呐）咱，,352,2213/6
,erhuang,manban,,自有那神灵（啊）天地鉴察。,372,416
,erhuang,yuanban,,听谯楼打罢了二（喏）更鼓下，,478,"500,5"
,erhuang,yuanban,,越思越想把事来作差。,502,513
,erhuang,yuanban,,悔不该把家属一（呀）旦撇下，,520,"542,5"
,erhuang,yuanban,,悔不该弃县今抛却了乌（哇）纱，,544,554
,erhuang,yuanban,,我只说贼是个宽宏量大，,554,"562,5"
,erhuang,yuanban,,汉室后来贼是个惹祸的根芽。,564,583
,erhuang,yuanban,,观此贼睡卧真（呐）潇洒，,656,"678,75"
,erhuang,yuanban,,安眠好似并底之蛙，,680,690
,erhuang,yuanban,,贼好比蛟龙未生鳞甲，,690,"698,5"
,erhuang,yuanban,,贼好比猛虎未（呀）曾长牙，,700,"709,5"
,erhuang,yuanban,,虎在笼中我不打，,710,"720,75"
,erhuang,yuanban,,我岂肯放虎归山又（哇）把人抓。,722,748
,erhuang,sanban,,执宝剑将贼的（呀）头割下，,806,835
,erhuang,sanban,,险些儿把事（喏）又（哇）作差。,838,869
lseh-YiLunMing-ZhuoFangCao-2.xml,erhuang,sanyan,,一轮明月照窗下，,36,93
,erhuang,sanyan,,陈宫心中乱如麻。,132,160
,erhuang,sanyan,,悔不该心猿并意马，,176,212
,erhuang,sanyan,,悔不该随他人到吕家。,216,236
,erhuang,sanyan,,吕伯奢可算得义气大，,236,252
,erhuang,sanyan,,杀猪沽酒款待与他。,256,272
,erhuang,sanyan,,又谁知此贼的疑心太大，,276,292
,erhuang,sanyan,,拔出剑将他的满门杀。,296,312
,erhuang,sanyan,,一家人倶丧在宝剑之下，,316,"332,75"
,erhuang,sanyan,,年迈老丈命染黄沙。,336,348
,erhuang,sanyan,,屈死的冤鬼魂休要怨咱，,352,"368,5"
,erhuang,sanyan,,自有那神灵儿天地鉴察。,372,413
lseh-YiLunMing-ZhuoFangSuDian.xml,erhuang,manban,,一轮明月照窗下，,12,"69,5"
,erhuang,manban,,陈宫心（呐）中乱如麻，,108,138
,erhuang,manban,,悔不该心猿并意马，,152,192
,erhuang,manban,,悔不该随他人到吕家。,192,212
,erhuang,manban,,吕伯奢可算得义气（呀）大，,212,"228,5"
,erhuang,manban,,杀猪（喏）沽酒款待与他，,232,250
,erhuang,manban,,又谁知此贼的疑心（呐）太（呀）大，,252,269
,erhuang,manban,,拔出剑将他的满门杀，,272,"289,5"
,erhuang,manban,,一家人倶丧在宝剑之（喏）下，,292,309
,erhuang,manban,,年迈的老丈命（呐）染黄沙。,312,325
,erhuang,manban,,屈死的怨鬼魂休要怨（呐）咱，,328,"344,5"
,erhuang,manban,,自有那神灵儿天地鉴察。,348,389
lseh-ZenNengGou-BaDaChui.xml,erhuang,yuanban,,怎能够思一计番营来进，,0,16
,erhuang,yuanban,,前后话对文龙细说衷情。,17,26
,erhuang,yuanban,,前也思（喏）后又想无有计定，,27,50
,erhuang,yuanban,,倒不如上公安观看古今。,51,63
lseh-ZiNaRi-HongYangDong.xml,erhuang,kuaisanyan,,自（喏）那日朝罢归身（呐）染重病，,12,"49,75"
,erhuang,kuaisanyan,,三更时梦（呃）见（呐）了年迈爹尊（呐）。,52,89
,erhuang,kuaisanyan,,我前番命孟良骸骨搬（呐）请，,104,"140,5"
,erhuang,kuaisanyan,,那乃是萧天佐以（呀）假成真；,144,162
,erhuang,kuaisanyan,,二次（喏）里命孟良番营来进，,164,181
,erhuang,kuaisanyan,,又谁知焦克明他私（呀）自后跟（呐），,184,"201,5"
,erhuang,kuaisanyan,,老军报他二人在洪洋（呃）洞丧（呃）命，,204,222
,erhuang,kuaisanyan,,去了我左右膀难以飞行。,224,241
,erhuang,kuaisanyan,,为此事终（啊）日里忧成疾病，,244,262
,erhuang,kuaisanyan,,因此上臣的病重（呃）加十分、千岁爷呀！,264,317
lsxp-CiShiJian-HuaiHeYing-1.xml,xipi,liushui,,此时间不可闹笑话，,8,15
,xipi,liushui,,胡言乱语怎瞒（呐）咱。,"16,5","22,5"
,xipi,liushui,,在长安是你夸大话，,23,30
,xipi,liushui,,为什么事到如今耍奸滑。,"30,5",36
,xipi,liushui,,左手拉住了李左车，,"37,5",43
,xipi,liushui,,右手再把栾布拉。,"44,5",50
,xipi,liushui,,三人同把那鬼门关上踏，,"51,5",61
,xipi,sanban,,（啊）生死二字（喏）且由他。,62,124
lsxp-CiShiJian-HuaiHeYing-2.xml,xipi,liushui,,此时间不可闹笑话，,10,18
,xipi,liushui,,胡言乱语怎瞒（呐）咱！,"18,5",24
,xipi,liushui,,在长安是你夸大话，,25,32
,xipi,liushui,,为什么事到如今耍奸滑？,"32,5",38
,xipi,liushui,,左手拉住了李左车，,"39,5",46
,xipi,liushui,,右手再把栾布拉，,"46,5",52
,xipi,liushui,,三人同把那鬼门关上爬，,"53,5",86
,xipi,sanban,,生死二字（喏）且由他！,114,133
lsxp-DaHeYi-SiLangTanMu.xml,,,,Part 1,,
,xipi,yaoban,,大喝一声（哪）如雷震，,10,25
,xipi,kuaiban,,杨家将令鬼神惊。,37,43
,xipi,kuaiban,,迈步且把宝帐（呀）进，,44,61
,xipi,kuaiban,,上面（哪）坐的同胞人。,73,79
,xipi,kuaiban,,弟兄们分别十五春，,"80,5",86
,xipi,kuaiban,,怎知今日回宋营。,"87,5",93
,xipi,kuaiban,,将身站在了阶前等，,94,100
,xipi,kuaiban,,问我一言答一声。,101,109
,xipi,kuaiban,,家住后山磁州郡，,168,174
,xipi,kuaiban,,火堪寨上有家门。,"175,5",181
,xipi,kuaiban,,我父令公官极品，,"182,5",188
,xipi,kuaiban,,我母佘氏老太君。,"189,5",195
,xipi,kuaiban,,十五年前沙滩会，,"196,5",202
,xipi,kuaiban,,失落番邦被贼擒。,"203,5",209
,xipi,kuaiban,,六弟下位把兄认，,210,216
,xipi,kuaiban,,我是你四哥回宋营。,217,225
,xipi,kuaiban,,弟兄对坐叙寒温。,292,301
,,,,Part 2,,
,xipi,kuaiban,,本帅帐中用目睁，,110,116
,xipi,kuaiban,,见一番汉帐中行。,"117,5",123
,xipi,kuaiban,,龙行虎步非凡等，,"124,5",130
,xipi,kuaiban,,灯光之下看不真。,"131,5",137
,xipi,kuaiban,,本帅开言把他问，,"138,5",144
,xipi,kuaiban,,你是番邦什么人？,"145,5",151
,xipi,kuaiban,,家住哪州并哪郡？,152,158
,xipi,kuaiban,,要见本帅为何情？,159,167
,xipi,kuaiban,,听罢言来才知情，,226,232
,xipi,kuaiban,,原来四哥回宋营。,"233,5",239
,xipi,kuaiban,,众将与爷忙掩（哪）门，,240,250
,xipi,yaoban,,自己骨肉认不清。,263,270
,xipi,yaoban,,走上前来忙松捆，,278,285
lsxp-HenPingWang-WenZhaoGuan.xml,xipi,yuanban,,恨平王无道乱楚宫（兀），,15,29
,xipi,yuanban,,父纳子（呃）妻礼难容，,43,52
,xipi,yuanban,,我的（呀）父谏奏反把命（哪）送，,53,66
,xipi,yuanban,,满门的家着血染红。,67,79
lsxp-JiangShenEr-SanJiaDian.xml,xipi,liushui,,将身儿来至在大街口，,11,18
,xipi,liushui,,尊一声过往的宾朋听从头：,"19,5",25
,xipi,liushui,,一不是响马与贼寇，,"26,5",32
,xipi,liushui,,二不是歹人（呐）把城偷。,"33,5",39
,xipi,liushui,,杨林与我来争斗，,"40,5",46
,xipi,liushui,,因此上发配到登州。,"47,5",53
,xipi,liushui,,舍不得太爷的恩情厚，,"54,5","61,5"
,xipi,liushui,,舍不得衙役们众班头。,"62,5",68
,xipi,liushui,,实难舍街坊四邻与我的好朋友，,69,"75,5"
,xipi,liushui,,舍不得老娘（呃）白了头。,"76,5",82
,xipi,liushui,,娘生儿连心肉，,83,88
,xipi,liushui,,儿行千里母担忧。,"89,5",95
,xipi,liushui,,儿想娘亲难叩首，,"96,5",102
,xipi,liushui,,娘想儿来泪双流。,"103,5",109
,xipi,liushui,,眼见得红日坠落在西山后，,"109,5",116
,xipi,liushui,,叫一声解差把店役。,"117,5",126
lsxp-JianMaSu-ZhanMaSu.xml,xipi,kuaiban,,见马谡（唩）跪帐下，,10,15
,xipi,kuaiban,,不由老夫咬钢牙，,"16,5",22
,xipi,kuaiban,,大胆不听我的话，,23,29
,xipi,kuaiban,,失去了街亭差不差。,30,40
lsxp-LiangGuoJiao-ShiJieTing-1.xml,xipi,yuanban,,两国交（哇）锋龙虎斗，,16,26
,xipi,yuanban,,各为其主统貔貅，,42,54
,xipi,yuanban,,管待三（哪）军要宽厚，,68,78
,xipi,yuanban,,赏罚中公（呃）平莫要自由。,94,"106,5"
,xipi,yuanban,,此一番领兵去镇守，,120,"129,5"
,xipi,yuanban,,靠山近水把营收。,146,160
lsxp-LiangGuoJiao-ShiJieTing-2.xml,xipi,yuanban,,两国交锋龙虎斗，,17,28
,xipi,yuanban,,各为其（呀）主统貔貅。,43,56
,xipi,yuanban,,管带三（呐）军要宽厚，,69,80
,xipi,yuanban,,赏罚中公（呃）平莫要自由。,95,108
,xipi,yuanban,,此一番领（呃）兵去镇守，,121,132
,xipi,yuanban,,靠山近水把管收。,147,162
lsxp-QingGongYan-FaDongWu.xml,xipi,yuanban,,庆功宴上把酒饮，,0,9
,xipi,yuanban,,想起桃园结拜情。,10,22
,xipi,yuanban,,弟兄们创业多艰难，,23,38
,xipi,yuanban,,又谁知中途两离分。,39,54
lsxp-ShenGongWu-LongFengChengXiang.xml,xipi,yuanban,,深宫无（哇）处不飞花，,16,29
,xipi,yuanban,,年老得配女娇娃。,46,58
,xipi,yuanban,,朝欢暮乐无牵挂，,72,87
,xipi,yuanban,,耳听笙歌闹喧哗。,100,113
lsxp-TingTaYan-ZhuoFangCao-1.xml,xipi,manban,,听他言听得我心（呐）惊胆怕，,34,64
,xipi,manban,,背转身只埋怨我自（呃）己作差，,94,120
,xipi,manban,,我先前只望他宽宏量（呃）大，,146,202
,xipi,manban,,却原（呐）来贼是个无（哇）义（呀）的冤家！,202,226
,xipi,manban,,马行在来道内我难（呐）以回（呀）马，,226,276
,xipi,manban,,这才是花随水水不（哇）能恋（呐）花。,306,329
,xipi,manban,,这时候我只得暂且忍耐在心下，,330,368
,xipi,manban,,既同行共（呃）大事必须要劝解于他（呀呃）。,402,426
lsxp-TingTaYan-ZhuoFangCao-2.xml,xipi,sanyan,,听他言吓得我心（呐）惊胆怕，,32,62
,xipi,sanyan,,背转身自埋怨我自（呃）已做差。,92,118
,xipi,sanyan,,我先前只望他宽宏量（呃）大，,144,200
,xipi,sanyan,,却愿（呐）来贼是个无（哇）义（呀）的冤家！,200,224
,xipi,sanyan,,马行在来道内我难（呐）以回（呀）马，,224,274
,xipi,sanyan,,这才是花随水水不（哇）能恋（呐）花。,304,326
,xipi,sanyan,,这时候我只得暂且忍耐在心下，,328,366
,xipi,sanyan,,既同行共（呃）大事必须要劝解于他（呀呃）。,400,424
lsxp-WeiCengKai-QiYuanBao.xml,xipi,liushui,,未曾开言泪汪汪，,10,16
,xipi,liushui,,尊一声太爷听端详。,"17,5",23
,xipi,liushui,,家住在南阳太平庄，,"24,5",29
,xipi,liushui,,姓刘名安字世昌。,"30,5",36
,xipi,liushui,,奉母命京城往，,"37,5",42
,xipi,liushui,,贩卖绸缎转还乡。,"43,5",49
,xipi,liushui,,行至在中途把雨降，,"49,5",55
,xipi,liushui,,借宿一宵起祸殃。,"56,5",62
,xipi,liushui,,赵大夫妻图财害命害我一命亡，,63,69
,xipi,liushui,,望求太爷与我作主张（啊）。,"69,5",80
lsxp-WoBenShi-KongChengJi-1.xml,xipi,manban,,我本是卧龙岗散淡哪的人，,32,62
,xipi,manban,,论阴阳如反掌保定乾坤。,96,120
,xipi,manban,,先帝呀爷下南阳御呀驾三请，,148,192
,xipi,manban,,算就了汉家的业鼎足哇三分。,224,246
,xipi,manban,,官封到武乡侯哇执掌帅印，,276,312
,xipi,manban,,东西战南北剿博古通呃今。,344,363
,xipi,manban,,周文王访姜尚周室大振，,392,422
,xipi,manban,,俺诸（喏）葛怎比得前辈呀的先哪生。,456,474
,xipi,manban,,闲无哇事在敌楼哇我亮（呃）一亮琴哪音，,476,514
,xipi,manban,,我面前缺少个知呃音的人。,571,583
lsxp-WoBenShi-KongChengJi-2.xml,xipi,sanyan,,我本是卧龙岗散淡（呐）的人，,32,63
,xipi,sanyan,,凭阴阳如反掌保定乾坤。,96,118
,xipi,sanyan,,先帝（呀）爷下南阳（呃）御驾三（呃）请，,148,192
,xipi,sanyan,,算就了汉家的业鼎足（呃）三分。,224,247
,xipi,sanyan,,官封到武乡侯（呃）执掌帅印，,276,310
,xipi,sanyan,,东西战南北剿博古（呃）通（哦）今。,344,367
,xipi,sanyan,,周文王访姜尚周室大振，,396,427
,xipi,sanyan,,我诸葛怎比得前辈（呃）的先（呃）生。,460,478
,xipi,sanyan,,闲无（呃）事在敌楼（呃）我亮一亮琴（呢）音，,480,518
,xipi,yuanban,,我面前却少个知（呃）音的人。,569,582
lsxp-WoZhuYe-ZhuiHanXin.xml,xipi,liushui,,我主爷起义在芒砀，,10,17
,xipi,liushui,,拔剑斩蛇天下扬。,"18,5",24
,xipi,liushui,,怀王也曾把旨降，,"25,5",31
,xipi,liushui,,两路分（呐）兵定咸阳。,"32,5",38
,xipi,liushui,,先进咸阳为皇上，,"39,5",44
,xipi,liushui,,后进咸阳扶保在朝纲。,"45,5",51
,xipi,liushui,,也是我主洪福广，,"52,5",58
,xipi,liushui,,一路上得遇陆贾、郦生与张良。,"59,5",66
,xipi,liushui,,一路上秋毫无犯军威壮，,"67,5",73
,xipi,liushui,,我也曾约法定过三章。,"74,5",80
,xipi,liushui,,项羽不遵怀王约，,"81,5",87
,xipi,liushui,,反将我主贬汉王。,"88,5",94
,xipi,liushui,,今日里萧何荐良将，,"95,5",101
,xipi,liushui,,但愿得言听计从重整汉家邦、一同回故乡。,"102,5",111
,xipi,liushui,,撩袍端带我把金殿上，,"112,5",120
,xipi,yaoban,,扬尘舞蹈见大王。,132,148
lsxp-YiShiWu-YuCangJian.xml,xipi,yuanban,,一事无成两鬓斑，,12,28
,xipi,yuanban,,叹光明一去不回还（呐）；,40,52
,xipi,yuanban,,日月轮流催晓（哇）箭，,62,71
,xipi,yuanban,,靠山绿（哇）水常在面前。,84,96
,xipi,yuanban,,恨平王无道纲常乱，,106,116
,xipi,yuanban,,信用无极狗奸谗。,128,140
,xipi,yuanban,,他害我满门（呐）真悲惨，,150,170
,xipi,yuanban,,我与奸贼不共戴天！,182,194
,xipi,yuanban,,实指（喏）望到吴国借兵（呐）转，,204,"215,5"
,xipi,kuaiban,,行至在昭关有阻拦。,"216,5",222
lsxp-YiZhuangZhuang-QunYingHui.xml,xipi,kuaiban,,一桩桩一件件倶已办就，,0,8
,xipi,kuaiban,,请先生到江边即刻登舟。,9,17
lsxp-ZhangGongDao-ZhuangYuanPu.xml,xipi,kuaisanyan,,张公道三十五六（哇）子有靠，,34,60
,xipi,kuaisanyan,,陈伯愚年半百无有后苗。,94,120
,xipi,kuaisanyan,,为（呀）儿（啼）女我也曾朝山拜庙，,146,172
,xipi,kuaisanyan,,为儿（喏）女我也曾补路修桥。,206,228
,xipi,kuaisanyan,,怕将（呃）来老天爷无（哇）有果报，,230,264
,xipi,kuaisanyan,,眼睁（呐）睁有何人去（呀）把纸烧。,266,292
lsxp-ZheYiFeng-DingJunShan.xml,xipi,liushui,,这一封（呃）书信来得巧，,12,19
,xipi,liushui,,天助黄忠成功劳。,"20,5","27,5"
,xipi,liushui,,站立在营门三军叫，,"27,5",32
,xipi,liushui,,大小儿郎听根苗，,"33,5",39
,xipi,liushui,,头通（呃）鼓紧战袍，,41,47
,xipi,liushui,,三通鼓刀出鞘四通（呃）鼓把兵交。,49,63
,xipi,liushui,,向前各各有赏犒，,65,71
,xipi,liushui,,退后的项上吃一刀。,73,79
,xipi,liushui,,三军与（呀）爷归营号，,81,106
,xipi,sanban,,到明天午时三刻要成功劳。,106,128
lsxp-ZiCongQian-ZhuLianZhai.xml,xipi,yuanban,,自从千岁离朝后，,0,9
,xipi,yuanban,,满朝中文武臣泪双流。,10,22
,xipi,yuanban,,为千岁懒把朝房走，,23,42
,xipi,yuanban,,为千岁懒观五凤楼。,43,54
,xipi,yuanban,,山高路远少来问候，,55,70
,xipi,yuanban,,望千岁恕学生礼貌不周。,71,84
lsxp-ZiGuDao-HuangHeLou.xml,xipi,yuanban,,自古道吉人有天相，,0,9
,xipi,yuanban,,主公不必加愁肠。,10,22
,xipi,yuanban,,曾记得当年赴河梁，,23,32
,xipi,yuanban,,二将军保架过长江。,33,44
,xipi,yuanban,,今日主公把宴上，,45,58
,xipi,yuanban,,四将军保架料也无妨。,59,72
lsxp-ZouYingLong-DaYanSong.xml,xipi,liushui,,忽听得万岁宣应龙，,10,15
,xipi,liushui,,在朝房来了我这保国忠。,"15,5",19
,xipi,liushui,,那一日打从大街进，,20,25
,xipi,liushui,,偶遇见小小的顽童放悲声，,26,31
,xipi,liushui,,我问顽童啼哭因何故，,"31,75",36
,xipi,liushui,,他言道严嵩老贼害他的举家一满门。,37,"47,5"
,xipi,liushui,,我劝顽童你休流泪，免悲声，邹老爷就是尔的报仇人。,"47,75",59
,xipi,liushui,,站立在殿角用目来观定，,"60,5",66
,xipi,liushui,,上面坐的是有道君，,67,70
,xipi,liushui,,那一旁坐的就是严阁老，,"70,5",76
,xipi,liushui,,他本是我朝中上欺天子下压臣谋朝篡位卖国的奸贼他名叫严嵩，,77,90
,xipi,liushui,,我本当金（哪）殿奏一本怎奈我官卑职小不能够参大臣。,"90,5",103
,xipi,liushui,,罢、罢、罢，暂且忍却我的心头恨，,104,110
,xipi,liushui,,在品级台（呀）前臣见君。,"110,5",124
lsxp-ZuoRiLi-YuanMenZhanZi.xml,xipi,kuaiban,,昨日里斩八将头挂营外，,7,15
,xipi,kuaiban,,老娘亲为什么不讲情来？,16,24
,xipi,kuaiban,,今日里斩宗保娘把儿怪，,25,33
,xipi,kuaiban,,哭啼啼坐宝帐所为何来。,34,42
,xipi,yaoban,,叫焦赞将宝剑悬挂帐外，,45,77
,xipi,yaoban,,老娘亲再讲情儿自刎头来。,89,105
sdeh-WenSanNiang-SanNiangJiaoZi.xml,,,,Part 1,,
,xipi,yuanban,,问三娘发雷霆却是为何？,17,28
,,,,Part 2,,
,xipi,yuanban,,老薛保你不必苦哀告，,37,"57,5"
,xipi,yuanban,,背转身来哭嚎啕。,59,"65,5"
,xipi,yuanban,,实指望教训他终身有靠，,67,"75,5"
,xipi,yuanban,,又谁知平白的闪跌一跤。,77,91
sdxp-DangNianHan-SanJiZhang.xml,,,,Part 1,,
,xipi,kuaiban,,登台拜帅是韩信，,37,43
,xipi,kuaiban,,未央宫斩的是何人？,44,51
,xipi,kuaiban,,小奴才真个不孝顺，,68,76
,xipi,kuaiban,,仙女嫁的又是何人？,"76,5",84
,xipi,kuaiban,,我的儿说话言不逊，,100,107
,xipi,kuaiban,,句句话儿伤父心。,"108,5",116
,xipi,kuaiban,,要退、要退、偏要退！,132,"138,5"
,,,,Part 2,,
,xipi,kuaiban,,当年韩信与苏秦，,0,"6,5"
,xipi,kuaiban,,都是安邦定国臣，,7,"11,5"
,xipi,kuaiban,,淮阴漂母救韩信，,"12,5","18,75"
,xipi,kuaiban,,登台拜帅天下闻。,19,23
,xipi,kuaiban,,商鞅不中苏季子，,24,27
,xipi,kuaiban,,在六国封相人上人。,"27,5",36
,xipi,kuaiban,,未央宫斩的是韩信，,52,59
,xipi,kuaiban,,难道说文官他就不丧身？,"59,5",67
,xipi,kuaiban,,仙女配的是董永，,85,91
,xipi,kuaiban,,大孝之人也受贫。,"91,5",99
,xipi,kuaiban,,非是女儿言不逊，,117,123
,xipi,kuaiban,,爹爹为何你要退婚？,"123,5",131
,xipi,kuaiban,,不能、不能、是万不能！,"139,5",148
sdxp-SuLongWei-WuJiaPo.xml,,,,Part 1,,
,xipi,kuaiban,,苏龙魏虎为媒证，,10,16
,xipi,kuaiban,,王丞相是我的主婚人（哪）。,"17,5",25
,xipi,kuaiban,,他三人与我有仇恨，,50,57
,xipi,kuaiban,,咬定牙关他就不认承。,"58,5",66
,xipi,kuaiban,,西凉川四十单八站，,92,99
,xipi,kuaiban,,为军的要人我是不要钱。,"100,5",108
,xipi,kuaiban,,大嫂说话礼不端，,145,151
,xipi,kuaiban,,为军哪怕到官前。,"152,5",158
,xipi,kuaiban,,衙里衙外我打点，,"159,5",165
,xipi,kuaiban,,管保大嫂就断与咱。,"166,5",174
,xipi,kuaiban,,好一个贞节王宝钏，,202,209
,xipi,kuaiban,,百般调戏也枉然。,"209,5",215
,xipi,kuaiban,,腰中取出银一锭，,"216,5",222
,xipi,kuaiban,,将银放在地平川。,"223,5",229
,xipi,kuaiban,,这锭银、三两三，,230,235
,xipi,kuaiban,,送与大嫂把家安。,"236,5",242
,xipi,kuaiban,,买绫罗与绸缎、打首饰和簪环，,"242,5",248
,xipi,kuaiban,,我与你露水的夫妻就过几年（呐）。,"249,5",260
,xipi,kuaiban,,是烈女就该在家院，,300,307
,xipi,kuaiban,,为何来在大道边。,"308,5",314
,xipi,kuaiban,,为军起下不良的意呀，,315,334
,xipi,yaoban,,一马双跨到西凉。,344,350
,,,,Part 2,,
,xipi,kuaiban,,提起了旁人我不晓，,26,"32,5"
,xipi,kuaiban,,苏龙魏虎是内亲。,33,37
,xipi,kuaiban,,你我同把相府进，,38,41
,xipi,kuaiban,,三人对面（就）说分明。,"41,5",49
,xipi,kuaiban,,我父在朝为官宦，,67,"73,5"
,xipi,kuaiban,,府内金银堆如山。,74,78
,xipi,kuaiban,,本利算来有多少，,79,83
,xipi,kuaiban,,命人送到（那）西凉川。,"83,5",91
,xipi,kuaiban,,我进相府对父言，,109,"115,5"
,xipi,kuaiban,,家人小厮有万千。,116,120
,xipi,kuaiban,,将你带到官衙内，,"121,5",126
,xipi,kuaiban,,打板子、上夹棍、丢南牢、坐监禁、管叫你思前容易退后难。,127,144
,xipi,kuaiban,,军爷说话理不端，,175,"181,5"
,xipi,kuaiban,,欺奴犹如欺了天。,182,186
,xipi,kuaiban,,西凉的鞑子将你斩，,"187,5",193
,xipi,kuaiban,,妻儿老小与奴一般。,"193,5",201
,xipi,kuaiban,,这锭银子奴不要，,261,"267,5"
,xipi,kuaiban,,与你娘做一个安家钱。,268,275
,xipi,kuaiban,,买绫罗、做衣衫、买白纸、糊白幡、打首饰、做妆奁，,276,"288,5"
,xipi,kuaiban,,落得个孝子的名儿在那天下传。,"289,5",299
sdxp-WoHeNi-SiLangTanMu.xml,,,,Part 1,,
,xipi,kuaiban,,我和你好夫妻恩德不浅，,10,18
,xipi,kuaiban,,贤公主又何必过于谦言。,"19,5",27
,xipi,kuaiban,,杨廷辉有一日愁眉得展，,28,36
,xipi,kuaiban,,誓不忘贤公主恩重如山。,37,45
,xipi,kuaiban,,非是我这几日愁眉不展，,86,94
,xipi,kuaiban,,有一桩心腹事不敢明言。,"95,5",103
,xipi,kuaiban,,萧天佐摆天门两国交战，,104,112
,xipi,kuaiban,,我的娘押粮草来到北番。,113,121
,xipi,kuaiban,,我有心回宋营见母一面，,122,130
,xipi,kuaiban,,怎奈我身在番难以过关。,131,139
,xipi,kuaiban,,公主虽然不阻拦，,159,165
,xipi,kuaiban,,无有令箭怎过关。,166,174
,xipi,kuaiban,,公主赠我的金鈚箭，,191,197
,xipi,kuaiban,,见母一面即刻还。,198,206
,xipi,kuaiban,,宋营（哪）虽然路途远，,222,228
,xipi,kuaiban,,快马加鞭我一夜还。,229,237
,xipi,kuaiban,,公主叫我盟誓愿，,264,270
,xipi,kuaiban,,将身跪在地平川。,"271,5",277
,xipi,kuaiban,,我若探母不回转，,278,290
,xipi,yaoban,,黄沙盖脸尸骨不全。,302,312
,,,,Part 2,,
,xipi,kuaiban,,讲什么夫妻情恩德不浅，,46,54
,xipi,kuaiban,,咱与你隔南北千里姻缘。,"55,5",63
,xipi,kuaiban,,因何故终日里愁眉不展，,64,72
,xipi,kuaiban,,有什么心腹事你只管明言。,73,85
,xipi,kuaiban,,你那里休得要巧言舌辨，,140,148
,xipi,kuaiban,,你要见高堂母我不阻拦。,149,158
,xipi,kuaiban,,有心赠你金鈚箭，,175,181
,xipi,kuaiban,,怕你一去就不回还。,182,190
,xipi,kuaiban,,宋营离此路途远，,207,213
,xipi,kuaiban,,一夜之间你怎能回还。,"213,5",221
,xipi,kuaiban,,适才叫咱盟誓愿，,238,244
,xipi,kuaiban,,你也对苍天就表一番。,245,252
